Region,Q_Year,BEV,PHEV,HEV,ICE
Austria,Q1 2019,2547.0,483.0,2263.0,75501.0
Austria,Q2 2019,2366.0,415.0,3733.0,88355.0
Austria,Q3 2019,2484.0,366.0,3812.0,68786.0
Austria,Q4 2019,1864.0,883.0,4550.0,63599.0
Austria,Q1 2020,2434.0,1189.0,4412.0,46543.0
Austria,Q2 2020,2378.0,1386.0,5112.0,49109.0
Austria,Q3 2020,4137.0,1854.0,7213.0,47366.0
Austria,Q4 2020,7037.0,3212.0,9289.0,48491.0
Austria,Q1 2021,6622.0,3723.0,10222.0,42930.0
Austria,Q2 2021,8729.0,4217.0,12352.0,45540.0
Austria,Q3 2021,8792.0,3400.0,10252.0,33023.0
Austria,Q4 2021,9237.0,3286.0,9144.0,28248.0
Austria,Q1 2022,7177.0,3173.0,9735.0,32256.0
Austria,Q2 2022,7327.0,3336.0,10952.0,34606.0
Austria,Q3 2022,9614.0,2897.0,9831.0,32253.0
Austria,Q4 2022,10061.0,3829.0,10373.0,27567.0
Austria,Q1 2023,11235.0,4392.0,12682.0,34741.0
Austria,Q2 2023,12137.0,4420.0,13397.0,33673.0
Austria,Q3 2023,11522.0,4273.0,12304.0,28090.0
Austria,Q4 2023,12727.0,3871.0,12247.0,27418.0
Austria,Q1 2024,10802.0,4281.0,14959.0,33211.0
Austria,Q2 2024,11376.0,4414.0,16204.0,39854.0
Austria,Q3 2024,10454.0,3796.0,14978.0,26681.0
Austria,Q4 2024,11990.0,4428.0,17958.0,28390.0
Austria,Q1 2025,14177.0,5530.0,18178.0,28131.0
Austria,Q2 2025,17357.0,7574.0,22035.0,30067.0
Austria,Q3 2025,14617.0,7689.0,21502.0,28256.0
Austria,Q4 2025,14500.0,8027.0,21329.0,26007.0
Austria,Q1 2026,17347.0,8054.0,23674.0,28160.0
Belgium,Q1 2019,2196.0,2007.0,5410.0,145650.0
Belgium,Q2 2019,2405.0,1712.0,4350.0,144707.0
Belgium,Q3 2019,2137.0,1926.0,4088.0,119722.0
Belgium,Q4 2019,2099.0,3255.0,3394.0,101326.0
Belgium,Q1 2020,2885.0,5075.0,5603.0,113032.0
Belgium,Q2 2020,2042.0,4353.0,2870.0,79072.0
Belgium,Q3 2020,4384.0,8051.0,3851.0,99448.0
Belgium,Q4 2020,5683.0,14215.0,2880.0,74183.0
Belgium,Q1 2021,4039.0,12785.0,66668.0,35357.0
Belgium,Q2 2021,5074.0,13375.0,5285.0,88526.0
Belgium,Q3 2021,6183.0,11183.0,4959.0,58130.0
Belgium,Q4 2021,7381.0,10452.0,4054.0,47040.0
Belgium,Q1 2022,9641.0,15222.0,54483.0,23656.0
Belgium,Q2 2022,7564.0,14847.0,7038.0,62072.0
Belgium,Q3 2022,8650.0,13066.0,6939.0,56808.0
Belgium,Q4 2022,11783.0,16166.0,6087.0,50135.0
Belgium,Q1 2023,20779.0,22581.0,9943.0,77153.0
Belgium,Q2 2023,22799.0,28361.0,9825.0,70717.0
Belgium,Q3 2023,25118.0,25719.0,8018.0,50973.0
Belgium,Q4 2023,24589.0,23647.0,8995.0,43865.0
Belgium,Q1 2024,31091.0,27517.0,12773.0,62644.0
Belgium,Q2 2024,33313.0,17947.0,11507.0,64573.0
Belgium,Q3 2024,31875.0,11595.0,8078.0,40996.0
Belgium,Q4 2024,31424.0,9975.0,8947.0,40502.0
Belgium,Q1 2025,40402.0,10459.0,14295.0,54874.0
Belgium,Q2 2025,36578.0,9189.0,13483.0,53357.0
Belgium,Q3 2025,31241.0,10341.0,8847.0,38177.0
Belgium,Q4 2025,35628.0,9595.0,10398.0,34745.0
Belgium,Q1 2026,39469.0,6610.0,13928.0,53162.0
Bulgaria,Q1 2019,,,,
Bulgaria,Q2 2019,,,,
Bulgaria,Q3 2019,,,,
Bulgaria,Q4 2019,,,,
Bulgaria,Q1 2020,147.0,63.0,501.0,5202.0
Bulgaria,Q2 2020,102.0,26.0,212.0,3844.0
Bulgaria,Q3 2020,26.0,11.0,120.0,6730.0
Bulgaria,Q4 2020,60.0,12.0,114.0,5113.0
Bulgaria,Q1 2021,57.0,29.0,151.0,5323.0
Bulgaria,Q2 2021,112.0,30.0,173.0,7018.0
Bulgaria,Q3 2021,120.0,31.0,169.0,5798.0
Bulgaria,Q4 2021,190.0,27.0,169.0,5114.0
Bulgaria,Q1 2022,156.0,28.0,201.0,6285.0
Bulgaria,Q2 2022,314.0,28.0,182.0,7358.0
Bulgaria,Q3 2022,242.0,41.0,184.0,6968.0
Bulgaria,Q4 2022,325.0,40.0,154.0,6190.0
Bulgaria,Q1 2023,420.0,46.0,186.0,6471.0
Bulgaria,Q2 2023,459.0,74.0,132.0,9844.0
Bulgaria,Q3 2023,495.0,100.0,182.0,8972.0
Bulgaria,Q4 2023,442.0,135.0,193.0,9545.0
Bulgaria,Q1 2024,411.0,133.0,224.0,10481.0
Bulgaria,Q2 2024,460.0,114.0,243.0,10981.0
Bulgaria,Q3 2024,378.0,114.0,254.0,8600.0
Bulgaria,Q4 2024,416.0,106.0,284.0,9742.0
Bulgaria,Q1 2025,531.0,111.0,302.0,10302.0
Bulgaria,Q2 2025,604.0,162.0,455.0,11616.0
Bulgaria,Q3 2025,538.0,162.0,452.0,10906.0
Bulgaria,Q4 2025,747.0,131.0,836.0,11364.0
Bulgaria,Q1 2026,747.0,214.0,647.0,9852.0
Croatia,Q1 2019,,,,
Croatia,Q2 2019,,,,
Croatia,Q3 2019,,,,
Croatia,Q4 2019,56.0,28.0,351.0,11231.0
Croatia,Q1 2020,57.0,28.0,486.0,9304.0
Croatia,Q2 2020,41.0,18.0,422.0,6894.0
Croatia,Q3 2020,163.0,39.0,551.0,9933.0
Croatia,Q4 2020,272.0,58.0,721.0,6557.0
Croatia,Q1 2021,132.0,69.0,1366.0,8588.0
Croatia,Q2 2021,251.0,101.0,2023.0,12850.0
Croatia,Q3 2021,355.0,105.0,1674.0,8754.0
Croatia,Q4 2021,613.0,124.0,1377.0,5419.0
Croatia,Q1 2022,247.0,210.0,2091.0,7065.0
Croatia,Q2 2022,212.0,154.0,2481.0,9944.0
Croatia,Q3 2022,503.0,216.0,1909.0,9008.0
Croatia,Q4 2022,407.0,256.0,1693.0,5722.0
Croatia,Q1 2023,563.0,254.0,2785.0,9127.0
Croatia,Q2 2023,357.0,280.0,4401.0,14645.0
Croatia,Q3 2023,375.0,195.0,2983.0,9822.0
Croatia,Q4 2023,342.0,263.0,2706.0,6874.0
Croatia,Q1 2024,194.0,361.0,4361.0,10056.0
Croatia,Q2 2024,598.0,350.0,5427.0,17498.0
Croatia,Q3 2024,691.0,327.0,3673.0,8201.0
Croatia,Q4 2024,310.0,367.0,4275.0,6927.0
Croatia,Q1 2025,204.0,445.0,5329.0,8772.0
Croatia,Q2 2025,192.0,631.0,8014.0,17612.0
Croatia,Q3 2025,317.0,724.0,4658.0,8699.0
Croatia,Q4 2025,553.0,729.0,4537.0,7145.0
Croatia,Q1 2026,780.0,1094.0,6289.0,8524.0
Cyprus,Q1 2019,5.0,0.0,197.0,2561.0
Cyprus,Q2 2019,7.0,0.0,325.0,3446.0
Cyprus,Q3 2019,6.0,0.0,283.0,2635.0
Cyprus,Q4 2019,5.0,0.0,247.0,2431.0
Cyprus,Q1 2020,4.0,27.0,400.0,2518.0
Cyprus,Q2 2020,7.0,31.0,336.0,1649.0
Cyprus,Q3 2020,11.0,0.0,295.0,2419.0
Cyprus,Q4 2020,20.0,17.0,364.0,2053.0
Cyprus,Q1 2021,26.0,29.0,500.0,2191.0
Cyprus,Q2 2021,22.0,27.0,735.0,2263.0
Cyprus,Q3 2021,20.0,28.0,678.0,2068.0
Cyprus,Q4 2021,14.0,14.0,562.0,1445.0
Cyprus,Q1 2022,67.0,34.0,824.0,2134.0
Cyprus,Q2 2022,109.0,60.0,976.0,1928.0
Cyprus,Q3 2022,118.0,61.0,906.0,1852.0
Cyprus,Q4 2022,108.0,73.0,773.0,1602.0
Cyprus,Q1 2023,178.0,110.0,1410.0,2359.0
Cyprus,Q2 2023,130.0,84.0,1372.0,1999.0
Cyprus,Q3 2023,249.0,153.0,1477.0,2067.0
Cyprus,Q4 2023,231.0,164.0,1374.0,1383.0
Cyprus,Q1 2024,316.0,192.0,1966.0,1991.0
Cyprus,Q2 2024,180.0,157.0,2009.0,1980.0
Cyprus,Q3 2024,356.0,151.0,1311.0,1695.0
Cyprus,Q4 2024,341.0,164.0,1152.0,2142.0
Cyprus,Q1 2025,361.0,234.0,1953.0,1983.0
Cyprus,Q2 2025,374.0,159.0,1774.0,1384.0
Cyprus,Q3 2025,414.0,208.0,1786.0,1175.0
Cyprus,Q4 2025,325.0,172.0,1386.0,946.0
Cyprus,Q1 2026,425.0,191.0,1855.0,1199.0
Czech Rep.,Q1 2019,143.0,54.0,1362.0,58396.0
Czech Rep.,Q2 2019,217.0,75.0,2223.0,66869.0
Czech Rep.,Q3 2019,226.0,127.0,1922.0,60582.0
Czech Rep.,Q4 2019,170.0,217.0,2366.0,57291.0
Czech Rep.,Q1 2020,864.0,472.0,2379.0,45939.0
Czech Rep.,Q2 2020,399.0,282.0,2274.0,40937.0
Czech Rep.,Q3 2020,478.0,430.0,3016.0,47604.0
Czech Rep.,Q4 2020,1534.0,792.0,4952.0,46454.0
Czech Rep.,Q1 2021,573.0,953.0,5404.0,42107.0
Czech Rep.,Q2 2021,706.0,1256.0,7619.0,52777.0
Czech Rep.,Q3 2021,581.0,783.0,6254.0,40554.0
Czech Rep.,Q4 2021,830.0,757.0,6192.0,36295.0
Czech Rep.,Q1 2022,785.0,757.0,6650.0,37918.0
Czech Rep.,Q2 2022,1168.0,877.0,7930.0,40374.0
Czech Rep.,Q3 2022,962.0,771.0,6347.0,35647.0
Czech Rep.,Q4 2022,1025.0,1125.0,7200.0,37719.0
Czech Rep.,Q1 2023,1338.0,1241.0,9598.0,43155.0
Czech Rep.,Q2 2023,1670.0,1261.0,9746.0,45359.0
Czech Rep.,Q3 2023,1644.0,1283.0,10058.0,38306.0
Czech Rep.,Q4 2023,2048.0,1466.0,10886.0,38329.0
Czech Rep.,Q1 2024,1307.0,1260.0,11602.0,42111.0
Czech Rep.,Q2 2024,2839.0,1653.0,12473.0,43501.0
Czech Rep.,Q3 2024,3079.0,804.0,12617.0,35341.0
Czech Rep.,Q4 2024,3695.0,1109.0,14281.0,39108.0
Czech Rep.,Q1 2025,3113.0,2175.0,12715.0,40235.0
Czech Rep.,Q2 2025,3797.0,2793.0,14019.0,40586.0
Czech Rep.,Q3 2025,3270.0,2835.0,14101.0,38094.0
Czech Rep.,Q4 2025,3626.0,3230.0,16285.0,41358.0
Czech Rep.,Q1 2026,3439.0,2783.0,14557.0,38633.0
Denmark,Q1 2019,1007.0,1221.0,3062.0,60975.0
Denmark,Q2 2019,1588.0,534.0,2206.0,51634.0
Denmark,Q3 2019,1328.0,1015.0,2037.0,47019.0
Denmark,Q4 2019,1609.0,1115.0,2550.0,46694.0
Denmark,Q1 2020,2140.0,2019.0,2321.0,42378.0
Denmark,Q2 2020,1573.0,2532.0,1668.0,33774.0
Denmark,Q3 2020,3842.0,6352.0,2597.0,40964.0
Denmark,Q4 2020,6721.0,7340.0,3051.0,38852.0
Denmark,Q1 2021,2991.0,7518.0,7448.0,25929.0
Denmark,Q2 2021,4431.0,10910.0,9534.0,27728.0
Denmark,Q3 2021,7582.0,9621.0,8032.0,18228.0
Denmark,Q4 2021,9986.0,12425.0,6672.0,16297.0
Denmark,Q1 2022,5952.0,5547.0,7741.0,14990.0
Denmark,Q2 2022,6229.0,7026.0,7698.0,18366.0
Denmark,Q3 2022,7384.0,6375.0,6979.0,14848.0
Denmark,Q4 2022,11290.0,7494.0,5836.0,14568.0
Denmark,Q1 2023,11904.0,3904.0,7871.0,16281.0
Denmark,Q2 2023,14269.0,5293.0,8728.0,16093.0
Denmark,Q3 2023,14655.0,3675.0,6127.0,15223.0
Denmark,Q4 2023,21931.0,4411.0,7540.0,14892.0
Denmark,Q1 2024,15201.0,1743.0,7708.0,12288.0
Denmark,Q2 2024,23760.0,2021.0,8634.0,15007.0
Denmark,Q3 2024,21884.0,1494.0,6436.0,10122.0
Denmark,Q4 2024,28354.0,1834.0,7091.0,9537.0
Denmark,Q1 2025,24540.0,1045.0,5053.0,12102.0
Denmark,Q2 2025,32638.0,1585.0,7813.0,4763.0
Denmark,Q3 2025,31274.0,1084.0,5806.0,6371.0
Denmark,Q4 2025,38090.0,978.0,6456.0,5015.0
Denmark,Q1 2026,34970.0,411.0,5129.0,3191.0
Estonia,Q1 2019,17.0,4.0,521.0,7635.0
Estonia,Q2 2019,25.0,8.0,783.0,8795.0
Estonia,Q3 2019,24.0,4.0,672.0,7273.0
Estonia,Q4 2019,14.0,1.0,717.0,6194.0
Estonia,Q1 2020,45.0,20.0,738.0,4551.0
Estonia,Q2 2020,61.0,13.0,484.0,2783.0
Estonia,Q3 2020,105.0,17.0,684.0,4182.0
Estonia,Q4 2020,131.0,25.0,759.0,3438.0
Estonia,Q1 2021,95.0,44.0,1440.0,3961.0
Estonia,Q2 2021,164.0,74.0,1724.0,5212.0
Estonia,Q3 2021,104.0,63.0,1679.0,3626.0
Estonia,Q4 2021,121.0,62.0,1198.0,2360.0
Estonia,Q1 2022,147.0,107.0,1920.0,2915.0
Estonia,Q2 2022,213.0,131.0,1631.0,3882.0
Estonia,Q3 2022,170.0,86.0,1537.0,3223.0
Estonia,Q4 2022,202.0,67.0,1861.0,3226.0
Estonia,Q1 2023,245.0,131.0,2265.0,3000.0
Estonia,Q2 2023,399.0,145.0,2312.0,3594.0
Estonia,Q3 2023,384.0,147.0,2183.0,2602.0
Estonia,Q4 2023,417.0,137.0,2307.0,2486.0
Estonia,Q1 2024,317.0,182.0,1940.0,2242.0
Estonia,Q2 2024,332.0,185.0,2556.0,2346.0
Estonia,Q3 2024,333.0,357.0,2595.0,2314.0
Estonia,Q4 2024,338.0,544.0,4445.0,4214.0
Estonia,Q1 2025,224.0,241.0,1092.0,564.0
Estonia,Q2 2025,220.0,391.0,2197.0,1227.0
Estonia,Q3 2025,214.0,377.0,1559.0,1116.0
Estonia,Q4 2025,210.0,394.0,1900.0,1129.0
Estonia,Q1 2026,260.0,403.0,2286.0,1301.0
European Union,Q1 2019,54478.0,28803.0,160268.0,2999681.0
European Union,Q2 2019,56094.0,28273.0,185592.0,3194778.0
European Union,Q3 2019,58320.0,29557.0,180710.0,2617354.0
European Union,Q4 2019,78297.0,52695.0,212612.0,2712715.0
European Union,Q1 2020,91864.0,75782.0,232985.0,2039571.0
European Union,Q2 2020,63422.0,66252.0,172593.0,1464118.0
European Union,Q3 2020,135663.0,138380.0,341863.0,2088606.0
European Union,Q4 2020,247975.0,227307.0,437376.0,1899674.0
European Union,Q1 2021,146125.0,210242.0,534882.0,1609302.0
European Union,Q2 2021,210170.0,235919.0,546759.0,1735946.0
European Union,Q3 2021,212600.0,196232.0,460384.0,1229825.0
European Union,Q4 2021,309167.0,221951.0,446251.0,1129062.0
European Union,Q1 2022,224145.0,199107.0,563030.0,1186048.0
European Union,Q2 2022,233413.0,206501.0,534754.0,1318877.0
European Union,Q3 2022,259449.0,184450.0,492011.0,1183956.0
European Union,Q4 2022,406890.0,287364.0,545316.0,1159245.0
European Union,Q1 2023,320987.0,189350.0,668028.0,1389304.0
European Union,Q2 2023,382599.0,212354.0,687223.0,1421281.0
European Union,Q3 2023,408606.0,195672.0,643670.0,1184554.0
European Union,Q4 2023,426429.0,216104.0,718042.0,1162875.0
European Union,Q1 2024,332999.0,204001.0,801315.0,1335829.0
European Union,Q2 2024,379638.0,188283.0,859766.0,1402755.0
European Union,Q3 2024,335232.0,157882.0,743451.0,1000532.0
European Union,Q4 2024,400065.0,208778.0,884330.0,1071380.0
European Union,Q1 2025,412997.0,207048.0,964108.0,1038545.0
European Union,Q2 2025,456274.0,262362.0,978654.0,1071151.0
European Union,Q3 2025,430917.0,253504.0,850317.0,870348.0
European Union,Q4 2025,580182.0,292973.0,940246.0,860278.0
European Union,Q1 2026,546937.0,268344.0,1089421.0,855067.0
Finland,Q1 2019,473.0,1336.0,3792.0,23429.0
Finland,Q2 2019,522.0,1068.0,4246.0,24787.0
Finland,Q3 2019,581.0,1155.0,4294.0,20886.0
Finland,Q4 2019,321.0,2407.0,3240.0,19520.0
Finland,Q1 2020,918.0,3642.0,5090.0,17886.0
Finland,Q2 2020,581.0,2208.0,3129.0,12798.0
Finland,Q3 2020,1182.0,3747.0,5187.0,15410.0
Finland,Q4 2020,1563.0,3634.0,5320.0,12272.0
Finland,Q1 2021,1503.0,5741.0,8166.0,12259.0
Finland,Q2 2021,2632.0,6236.0,8105.0,11508.0
Finland,Q3 2021,2288.0,4006.0,6688.0,8752.0
Finland,Q4 2021,3730.0,4157.0,5149.0,6636.0
Finland,Q1 2022,3040.0,4433.0,7117.0,7004.0
Finland,Q2 2022,2910.0,4266.0,7052.0,7467.0
Finland,Q3 2022,3915.0,3686.0,6057.0,5547.0
Finland,Q4 2022,4665.0,3785.0,5480.0,4641.0
Finland,Q1 2023,6586.0,3840.0,6056.0,4378.0
Finland,Q2 2023,8714.0,4993.0,6659.0,5409.0
Finland,Q3 2023,7516.0,4816.0,5256.0,3963.0
Finland,Q4 2023,6719.0,4438.0,4405.0,3284.0
Finland,Q1 2024,4767.0,4187.0,6065.0,3349.0
Finland,Q2 2024,5802.0,3630.0,7045.0,4180.0
Finland,Q3 2024,5074.0,3331.0,4595.0,3329.0
Finland,Q4 2024,6225.0,3715.0,4800.0,3810.0
Finland,Q1 2025,5637.0,3607.0,4800.0,2656.0
Finland,Q2 2025,7089.0,4286.0,5470.0,3705.0
Finland,Q3 2025,6503.0,3397.0,4333.0,2450.0
Finland,Q4 2025,7516.0,3226.0,4966.0,2231.0
Finland,Q1 2026,8063.0,2482.0,4622.0,2035.0
France,Q1 2019,10569.0,3934.0,22982.0,514839.0
France,Q2 2019,10469.0,3970.0,26977.0,570895.0
France,Q3 2019,9392.0,3962.0,25457.0,433225.0
France,Q4 2019,12397.0,6726.0,31365.0,518418.0
France,Q1 2020,25959.0,9423.0,30115.0,298598.0
France,Q2 2020,19058.0,10774.0,30395.0,287349.0
France,Q3 2020,25570.0,20090.0,49253.0,349101.0
France,Q4 2020,40540.0,34305.0,59110.0,343513.0
France,Q1 2021,30491.0,31229.0,70765.0,299882.0
France,Q2 2021,42028.0,40556.0,82358.0,303243.0
France,Q3 2021,34426.0,30041.0,63934.0,195565.0
France,Q4 2021,55222.0,39175.0,72780.0,218292.0
France,Q1 2022,43510.0,29310.0,75809.0,200183.0
France,Q2 2022,49834.0,33498.0,88273.0,219420.0
France,Q3 2022,47623.0,25747.0,73882.0,181216.0
France,Q4 2022,62155.0,37992.0,94705.0,207167.0
France,Q1 2023,64859.0,36516.0,93687.0,209094.0
France,Q2 2023,73060.0,41474.0,111426.0,222781.0
France,Q3 2023,66697.0,38456.0,98504.0,180007.0
France,Q4 2023,93603.0,46504.0,128682.0,201428.0
France,Q1 2024,79823.0,38575.0,124945.0,182021.0
France,Q2 2024,78579.0,35113.0,155575.0,184019.0
France,Q3 2024,58439.0,25412.0,132185.0,124020.0
France,Q4 2024,73773.0,47292.0,176190.0,142646.0
France,Q1 2025,74519.0,19592.0,184267.0,116077.0
France,Q2 2025,73813.0,29557.0,191952.0,120260.0
France,Q3 2025,67978.0,23388.0,155211.0,87592.0
France,Q4 2025,110612.0,36090.0,184724.0,100701.0
France,Q1 2026,112083.0,19584.0,189901.0,68506.0
Germany,Q1 2019,15944.0,7382.0,40673.0,812684.0
Germany,Q2 2019,15215.0,9143.0,45797.0,894098.0
Germany,Q3 2019,16896.0,9962.0,50395.0,809771.0
Germany,Q4 2019,15436.0,18861.0,57037.0,773071.0
Germany,Q1 2020,26030.0,26419.0,63121.0,583475.0
Germany,Q2 2020,18409.0,23122.0,46549.0,419033.0
Germany,Q3 2020,54170.0,56341.0,96371.0,619754.0
Germany,Q4 2020,95862.0,94587.0,121354.0,559357.0
Germany,Q1 2021,64809.0,78047.0,101326.0,409748.0
Germany,Q2 2021,84127.0,85524.0,119501.0,441557.0
Germany,Q3 2021,88121.0,77493.0,113181.0,344608.0
Germany,Q4 2021,119368.0,84385.0,95131.0,301121.0
Germany,Q1 2022,83774.0,67771.0,121541.0,347146.0
Germany,Q2 2022,83729.0,71109.0,111698.0,342562.0
Germany,Q3 2022,105598.0,76767.0,111463.0,331787.0
Germany,Q4 2022,198293.0,146446.0,120525.0,314224.0
Germany,Q1 2023,94736.0,37545.0,156236.0,374810.0
Germany,Q2 2023,125508.0,41520.0,167842.0,390404.0
Germany,Q3 2023,167045.0,44280.0,166777.0,359999.0
Germany,Q4 2023,136930.0,52379.0,173725.0,340028.0
Germany,Q1 2024,81337.0,44985.0,173927.0,390037.0
Germany,Q2 2024,102788.0,44564.0,190039.0,435893.0
Germany,Q3 2024,92265.0,43312.0,181335.0,324617.0
Germany,Q4 2024,104219.0,59044.0,210192.0,324662.0
Germany,Q1 2025,112968.0,63799.0,192265.0,292645.0
Germany,Q2 2025,135758.0,75106.0,207701.0,316196.0
Germany,Q3 2025,133476.0,78855.0,203304.0,289111.0
Germany,Q4 2025,162940.0,93638.0,212841.0,274711.0
Germany,Q1 2026,159630.0,76114.0,206566.0,255369.0
Greece,Q1 2019,38.0,59.0,1157.0,24721.0
Greece,Q2 2019,66.0,77.0,1677.0,36825.0
Greece,Q3 2019,48.0,54.0,1901.0,24412.0
Greece,Q4 2019,38.0,100.0,1866.0,18737.0
Greece,Q1 2020,71.0,88.0,2591.0,18264.0
Greece,Q2 2020,64.0,144.0,2123.0,12577.0
Greece,Q3 2020,157.0,362.0,3248.0,19167.0
Greece,Q4 2020,387.0,862.0,3789.0,15303.0
Greece,Q1 2021,419.0,878.0,5058.0,16551.0
Greece,Q2 2021,614.0,1291.0,7315.0,24819.0
Greece,Q3 2021,456.0,1141.0,5900.0,14911.0
Greece,Q4 2021,687.0,1475.0,5109.0,10893.0
Greece,Q1 2022,505.0,1274.0,6187.0,13592.0
Greece,Q2 2022,781.0,1533.0,9333.0,19878.0
Greece,Q3 2022,707.0,1113.0,7269.0,18002.0
Greece,Q4 2022,834.0,1573.0,6230.0,12764.0
Greece,Q1 2023,1392.0,1766.0,9177.0,20548.0
Greece,Q2 2023,1820.0,1854.0,10797.0,21164.0
Greece,Q3 2023,1731.0,2411.0,11275.0,17736.0
Greece,Q4 2023,1436.0,2795.0,10311.0,14498.0
Greece,Q1 2024,1580.0,2012.0,13693.0,18736.0
Greece,Q2 2024,1761.0,2019.0,16945.0,20149.0
Greece,Q3 2024,2261.0,2032.0,13920.0,10927.0
Greece,Q4 2024,3105.0,2199.0,13359.0,8946.0
Greece,Q1 2025,2020.0,2033.0,16172.0,12531.0
Greece,Q2 2025,2245.0,2893.0,21634.0,16399.0
Greece,Q3 2025,1889.0,3017.0,18057.0,9924.0
Greece,Q4 2025,2738.0,3713.0,17262.0,6957.0
Greece,Q1 2026,2294.0,2315.0,19938.0,9451.0
Hungary,Q1 2019,381.0,232.0,1706.0,32010.0
Hungary,Q2 2019,420.0,213.0,2112.0,37433.0
Hungary,Q3 2019,551.0,246.0,2349.0,37376.0
Hungary,Q4 2019,481.0,415.0,3003.0,38900.0
Hungary,Q1 2020,517.0,487.0,5677.0,25987.0
Hungary,Q2 2020,485.0,418.0,5175.0,16907.0
Hungary,Q3 2020,770.0,834.0,9136.0,23502.0
Hungary,Q4 2020,1274.0,1257.0,11784.0,23486.0
Hungary,Q1 2021,560.0,918.0,12918.0,17595.0
Hungary,Q2 2021,668.0,1126.0,12644.0,18109.0
Hungary,Q3 2021,1099.0,1160.0,11614.0,15654.0
Hungary,Q4 2021,1985.0,1032.0,10969.0,13142.0
Hungary,Q1 2022,1273.0,1269.0,11622.0,14295.0
Hungary,Q2 2022,993.0,1165.0,10384.0,15877.0
Hungary,Q3 2022,1171.0,1135.0,9216.0,16667.0
Hungary,Q4 2022,1273.0,1305.0,11277.0,11714.0
Hungary,Q1 2023,1653.0,1421.0,12020.0,14239.0
Hungary,Q2 2023,1212.0,1340.0,10035.0,14129.0
Hungary,Q3 2023,1334.0,1500.0,11247.0,12415.0
Hungary,Q4 2023,1600.0,1281.0,11720.0,10012.0
Hungary,Q1 2024,2289.0,1484.0,15421.0,12446.0
Hungary,Q2 2024,2364.0,1387.0,13307.0,14558.0
Hungary,Q3 2024,1877.0,1428.0,11583.0,10773.0
Hungary,Q4 2024,2035.0,1396.0,15723.0,13177.0
Hungary,Q1 2025,2408.0,1169.0,17082.0,12060.0
Hungary,Q2 2025,2811.0,1647.0,16804.0,11831.0
Hungary,Q3 2025,2806.0,1826.0,14693.0,10279.0
Hungary,Q4 2025,2977.0,2494.0,16790.0,11124.0
Hungary,Q1 2026,3192.0,2425.0,20283.0,10468.0
Ireland,Q1 2019,1435.0,616.0,4933.0,57142.0
Ireland,Q2 2019,519.0,217.0,1862.0,14034.0
Ireland,Q3 2019,1020.0,414.0,3184.0,28569.0
Ireland,Q4 2019,470.0,99.0,215.0,2380.0
Ireland,Q1 2020,1650.0,1032.0,6337.0,40776.0
Ireland,Q2 2020,239.0,134.0,276.0,2441.0
Ireland,Q3 2020,1724.0,1173.0,4065.0,24668.0
Ireland,Q4 2020,400.0,153.0,308.0,2949.0
Ireland,Q1 2021,2816.0,2729.0,9212.0,33249.0
Ireland,Q2 2021,1514.0,1434.0,2697.0,10087.0
Ireland,Q3 2021,3489.0,3289.0,6599.0,23336.0
Ireland,Q4 2021,827.0,439.0,739.0,2182.0
Ireland,Q1 2022,6238.0,3966.0,12734.0,26379.0
Ireland,Q2 2022,2207.0,994.0,2490.0,9529.0
Ireland,Q3 2022,6059.0,2479.0,5663.0,21997.0
Ireland,Q4 2022,1168.0,240.0,368.0,2028.0
Ireland,Q1 2023,9296.0,4628.0,11978.0,32183.0
Ireland,Q2 2023,5001.0,1624.0,3325.0,9461.0
Ireland,Q3 2023,7407.0,3736.0,9141.0,20574.0
Ireland,Q4 2023,1085.0,394.0,595.0,1882.0
Ireland,Q1 2024,7956.0,5089.0,14277.0,35221.0
Ireland,Q2 2024,2782.0,2080.0,2660.0,8861.0
Ireland,Q3 2024,5390.0,4596.0,9140.0,19196.0
Ireland,Q4 2024,1331.0,773.0,762.0,849.0
Ireland,Q1 2025,9970.0,9421.0,16510.0,31122.0
Ireland,Q2 2025,3659.0,2696.0,3121.0,5245.0
Ireland,Q3 2025,8748.0,6319.0,9102.0,15755.0
Ireland,Q4 2025,1224.0,498.0,959.0,605.0
Ireland,Q1 2026,13982.0,9685.0,19048.0,22178.0
Italy,Q1 2019,1186.0,1080.0,27289.0,467104.0
Italy,Q2 2019,3868.0,1416.0,28315.0,464428.0
Italy,Q3 2019,2739.0,1479.0,22833.0,314432.0
Italy,Q4 2019,2892.0,2513.0,31489.0,369935.0
Italy,Q1 2020,5401.0,2951.0,34758.0,274944.0
Italy,Q2 2020,4548.0,2851.0,27589.0,180466.0
Italy,Q3 2020,7574.0,6636.0,62856.0,268749.0
Italy,Q4 2020,14979.0,14969.0,96728.0,250761.0
Italy,Q1 2021,13272.0,16486.0,120214.0,260893.0
Italy,Q2 2021,16982.0,21657.0,122608.0,235889.0
Italy,Q3 2021,16824.0,15112.0,85759.0,131699.0
Italy,Q4 2021,20206.0,16852.0,93990.0,131623.0
Italy,Q1 2022,11289.0,19603.0,112613.0,160276.0
Italy,Q2 2022,13654.0,20163.0,111193.0,168327.0
Italy,Q3 2022,10932.0,11763.0,103627.0,139193.0
Italy,Q4 2022,13304.0,17133.0,119439.0,155569.0
Italy,Q1 2023,16356.0,18965.0,152838.0,198960.0
Italy,Q2 2023,16317.0,19949.0,143526.0,198683.0
Italy,Q3 2023,13085.0,14087.0,123477.0,153889.0
Italy,Q4 2023,20507.0,16007.0,145710.0,169061.0
Italy,Q1 2024,13325.0,14415.0,172090.0,207806.0
Italy,Q2 2024,21607.0,14599.0,170526.0,189969.0
Italy,Q3 2024,13285.0,10888.0,131666.0,128062.0
Italy,Q4 2024,17403.0,11890.0,149383.0,145509.0
Italy,Q1 2025,22993.0,18616.0,198685.0,162714.0
Italy,Q2 2025,21733.0,26081.0,178926.0,147867.0
Italy,Q3 2025,16329.0,24174.0,140214.0,102314.0
Italy,Q4 2025,33569.0,29469.0,154098.0,106532.0
Italy,Q1 2026,38084.0,40052.0,249430.0,130122.0
Latvia,Q1 2019,24.0,1.0,279.0,4401.0
Latvia,Q2 2019,22.0,3.0,482.0,4831.0
Latvia,Q3 2019,16.0,1.0,384.0,4061.0
Latvia,Q4 2019,24.0,7.0,334.0,4072.0
Latvia,Q1 2020,44.0,22.0,496.0,3284.0
Latvia,Q2 2020,56.0,18.0,340.0,2268.0
Latvia,Q3 2020,129.0,30.0,542.0,3128.0
Latvia,Q4 2020,78.0,16.0,518.0,2427.0
Latvia,Q1 2021,68.0,29.0,792.0,2603.0
Latvia,Q2 2021,141.0,29.0,1100.0,2920.0
Latvia,Q3 2021,88.0,40.0,1082.0,2700.0
Latvia,Q4 2021,123.0,40.0,678.0,1828.0
Latvia,Q1 2022,156.0,56.0,978.0,2406.0
Latvia,Q2 2022,255.0,78.0,985.0,3087.0
Latvia,Q3 2022,292.0,89.0,1235.0,2824.0
Latvia,Q4 2022,368.0,82.0,1119.0,2429.0
Latvia,Q1 2023,478.0,77.0,1260.0,2627.0
Latvia,Q2 2023,423.0,102.0,1411.0,3325.0
Latvia,Q3 2023,405.0,94.0,1695.0,2430.0
Latvia,Q4 2023,386.0,90.0,1201.0,2738.0
Latvia,Q1 2024,263.0,114.0,1360.0,2069.0
Latvia,Q2 2024,324.0,136.0,1723.0,2553.0
Latvia,Q3 2024,348.0,210.0,1606.0,2103.0
Latvia,Q4 2024,335.0,338.0,1406.0,2067.0
Latvia,Q1 2025,294.0,480.0,0.0,3497.0
Latvia,Q2 2025,449.0,734.0,,5594.0
Latvia,Q3 2025,505.0,859.0,0.0,4821.0
Latvia,Q4 2025,354.0,669.0,0.0,3848.0
Latvia,Q1 2026,323.0,487.0,,4053.0
Lithuania,Q1 2019,44.0,0.0,528.0,9628.0
Lithuania,Q2 2019,31.0,0.0,926.0,12289.0
Lithuania,Q3 2019,46.0,0.0,772.0,10339.0
Lithuania,Q4 2019,42.0,0.0,1106.0,10513.0
Lithuania,Q1 2020,87.0,0.0,1083.0,9558.0
Lithuania,Q2 2020,74.0,0.0,825.0,5184.0
Lithuania,Q3 2020,167.0,0.0,4203.0,7047.0
Lithuania,Q4 2020,125.0,0.0,2182.0,9612.0
Lithuania,Q1 2021,66.0,56.0,775.0,6711.0
Lithuania,Q2 2021,246.0,97.0,1516.0,9104.0
Lithuania,Q3 2021,273.0,113.0,1236.0,5932.0
Lithuania,Q4 2021,573.0,134.0,704.0,3600.0
Lithuania,Q1 2022,257.0,233.0,1381.0,4510.0
Lithuania,Q2 2022,329.0,142.0,1261.0,5705.0
Lithuania,Q3 2022,388.0,147.0,1058.0,4926.0
Lithuania,Q4 2022,384.0,143.0,1038.0,3271.0
Lithuania,Q1 2023,408.0,0.0,2564.0,3654.0
Lithuania,Q2 2023,601.0,0.0,3260.0,4193.0
Lithuania,Q3 2023,482.0,,3121.0,3211.0
Lithuania,Q4 2023,569.0,0.0,2818.0,2646.0
Lithuania,Q1 2024,356.0,363.0,2872.0,2697.0
Lithuania,Q2 2024,493.0,336.0,3843.0,3559.0
Lithuania,Q3 2024,453.0,395.0,3473.0,2931.0
Lithuania,Q4 2024,477.0,591.0,3703.0,3003.0
Lithuania,Q1 2025,485.0,725.0,4598.0,2963.0
Lithuania,Q2 2025,720.0,947.0,5869.0,4118.0
Lithuania,Q3 2025,966.0,1290.0,4669.0,3456.0
Lithuania,Q4 2025,979.0,1486.0,4467.0,3547.0
Lithuania,Q1 2026,758.0,1162.0,4910.0,2619.0
Luxembourg,Q1 2019,0.0,0.0,0.0,0.0
Luxembourg,Q2 2019,0.0,0.0,0.0,0.0
Luxembourg,Q3 2019,0.0,0.0,0.0,0.0
Luxembourg,Q4 2019,208.0,367.0,594.0,10774.0
Luxembourg,Q1 2020,336.0,454.0,853.0,10266.0
Luxembourg,Q2 2020,365.0,347.0,698.0,7471.0
Luxembourg,Q3 2020,780.0,708.0,1099.0,10666.0
Luxembourg,Q4 2020,992.0,1176.0,1147.0,7828.0
Luxembourg,Q1 2021,1033.0,1232.0,1767.0,8424.0
Luxembourg,Q2 2021,1039.0,1170.0,2156.0,8465.0
Luxembourg,Q3 2021,1021.0,1077.0,1841.0,5783.0
Luxembourg,Q4 2021,1557.0,964.0,1461.0,5379.0
Luxembourg,Q1 2022,1615.0,1063.0,2006.0,6661.0
Luxembourg,Q2 2022,1595.0,937.0,1762.0,6170.0
Luxembourg,Q3 2022,1372.0,924.0,2176.0,5781.0
Luxembourg,Q4 2022,1811.0,923.0,2091.0,5205.0
Luxembourg,Q1 2023,2513.0,1213.0,2517.0,6906.0
Luxembourg,Q2 2023,2771.0,1333.0,2347.0,6894.0
Luxembourg,Q3 2023,2839.0,1145.0,2410.0,5109.0
Luxembourg,Q4 2023,2929.0,1113.0,2197.0,4915.0
Luxembourg,Q1 2024,2966.0,1119.0,2762.0,5651.0
Luxembourg,Q2 2024,3471.0,892.0,2519.0,5702.0
Luxembourg,Q3 2024,3244.0,897.0,2492.0,4202.0
Luxembourg,Q4 2024,3097.0,923.0,2687.0,8253.0
Luxembourg,Q1 2025,3733.0,996.0,3467.0,5254.0
Luxembourg,Q2 2025,2826.0,1132.0,3920.0,3928.0
Luxembourg,Q3 2025,2837.0,883.0,3519.0,3993.0
Luxembourg,Q4 2025,3267.0,710.0,2915.0,3774.0
Luxembourg,Q1 2026,3381.0,707.0,4218.0,4232.0
Netherlands,Q1 2019,8626.0,1718.0,6360.0,98503.0
Netherlands,Q2 2019,8625.0,1125.0,7950.0,92327.0
Netherlands,Q3 2019,12663.0,988.0,7363.0,83857.0
Netherlands,Q4 2019,31789.0,1073.0,7167.0,74271.0
Netherlands,Q1 2020,8695.0,3286.0,11527.0,79420.0
Netherlands,Q2 2020,5802.0,2328.0,6873.0,39565.0
Netherlands,Q3 2020,14358.0,4433.0,13621.0,57039.0
Netherlands,Q4 2020,44150.0,4845.0,15545.0,41947.0
Netherlands,Q1 2021,4560.0,7675.0,19188.0,48765.0
Netherlands,Q2 2021,11627.0,8284.0,18863.0,42817.0
Netherlands,Q3 2021,13715.0,7448.0,19948.0,33908.0
Netherlands,Q4 2021,33877.0,7578.0,16105.0,28250.0
Netherlands,Q1 2022,12397.0,10032.0,21512.0,34030.0
Netherlands,Q2 2022,17177.0,8751.0,18084.0,30748.0
Netherlands,Q3 2022,16845.0,7590.0,20256.0,28982.0
Netherlands,Q4 2022,27015.0,8236.0,21038.0,30419.0
Netherlands,Q1 2023,25209.0,13465.0,22228.0,37061.0
Netherlands,Q2 2023,33063.0,13377.0,23896.0,32461.0
Netherlands,Q3 2023,27214.0,11035.0,22774.0,25584.0
Netherlands,Q4 2023,28495.0,9205.0,21172.0,21151.0
Netherlands,Q1 2024,30055.0,14255.0,29615.0,27363.0
Netherlands,Q2 2024,30283.0,13319.0,26885.0,20603.0
Netherlands,Q3 2024,30113.0,11681.0,25759.0,18307.0
Netherlands,Q4 2024,41715.0,13326.0,24865.0,20897.0
Netherlands,Q1 2025,32439.0,16003.0,26928.0,16145.0
Netherlands,Q2 2025,31501.0,19677.0,25622.0,13793.0
Netherlands,Q3 2025,29828.0,19445.0,23938.0,13807.0
Netherlands,Q4 2025,62371.0,18320.0,25843.0,10997.0
Netherlands,Q1 2026,24869.0,21055.0,26548.0,8837.0
Norway,Q1 2019,18655.0,4750.0,3661.0,11412.0
Norway,Q2 2019,16545.0,4026.0,5597.0,13553.0
Norway,Q3 2019,14283.0,3288.0,4300.0,10534.0
Norway,Q4 2019,10862.0,7231.0,3989.0,9679.0
Norway,Q1 2020,16347.0,6221.0,3245.0,6544.0
Norway,Q2 2020,12158.0,5849.0,2558.0,6303.0
Norway,Q3 2020,19673.0,7292.0,2894.0,6269.0
Norway,Q4 2020,28626.0,9547.0,3549.0,4332.0
Norway,Q1 2021,19159.0,10632.0,2573.0,3945.0
Norway,Q2 2021,28911.0,10676.0,3416.0,4618.0
Norway,Q3 2021,32488.0,7273.0,2057.0,3108.0
Norway,Q4 2021,33193.0,9586.0,1734.0,2907.0
Norway,Q1 2022,26803.0,2338.0,1182.0,2019.0
Norway,Q2 2022,27374.0,4026.0,2066.0,2697.0
Norway,Q3 2022,25754.0,3961.0,2422.0,2119.0
Norway,Q4 2022,58356.0,5802.0,4485.0,2925.0
Norway,Q1 2023,24231.0,1540.0,1860.0,1034.0
Norway,Q2 2023,31043.0,3149.0,2264.0,1426.0
Norway,Q3 2023,24398.0,1954.0,1560.0,1038.0
Norway,Q4 2023,24915.0,3527.0,1900.0,1114.0
Norway,Q1 2024,20073.0,451.0,1033.0,695.0
Norway,Q2 2024,31945.0,1653.0,3820.0,1580.0
Norway,Q3 2024,28908.0,460.0,551.0,616.0
Norway,Q4 2024,33470.0,925.0,1465.0,1033.0
Norway,Q1 2025,28623.0,1441.0,841.0,704.0
Norway,Q2 2025,42125.0,360.0,818.0,603.0
Norway,Q3 2025,36858.0,397.0,227.0,411.0
Norway,Q4 2025,64625.0,552.0,505.0,542.0
Norway,Q1 2026,26617.0,189.0,37.0,332.0
Poland,Q1 2019,412.0,222.0,6794.0,130267.0
Poland,Q2 2019,533.0,221.0,10748.0,124054.0
Poland,Q3 2019,245.0,302.0,10806.0,118144.0
Poland,Q4 2019,301.0,462.0,13537.0,130006.0
Poland,Q1 2020,587.0,684.0,13651.0,92063.0
Poland,Q2 2020,541.0,689.0,9470.0,60289.0
Poland,Q3 2020,1043.0,1023.0,17208.0,93294.0
Poland,Q4 2020,1510.0,2107.0,25922.0,98889.0
Poland,Q1 2021,940.0,1985.0,30771.0,81107.0
Poland,Q2 2021,1532.0,2473.0,34929.0,82215.0
Poland,Q3 2021,1623.0,2275.0,33260.0,64686.0
Poland,Q4 2021,3071.0,2405.0,31389.0,58450.0
Poland,Q1 2022,2289.0,2442.0,33138.0,60329.0
Poland,Q2 2022,2559.0,2524.0,37487.0,65175.0
Poland,Q3 2022,3104.0,2463.0,31613.0,64263.0
Poland,Q4 2022,3382.0,2375.0,33546.0,60790.0
Poland,Q1 2023,4095.0,3055.0,46405.0,66245.0
Poland,Q2 2023,4400.0,3633.0,40334.0,64112.0
Poland,Q3 2023,3665.0,2746.0,45518.0,57156.0
Poland,Q4 2023,4918.0,3737.0,55036.0,57381.0
Poland,Q1 2024,4191.0,3769.0,64846.0,61466.0
Poland,Q2 2024,4670.0,3508.0,63714.0,63191.0
Poland,Q3 2024,3636.0,2995.0,54454.0,57512.0
Poland,Q4 2024,4067.0,4718.0,65517.0,72751.0
Poland,Q1 2025,5107.0,5813.0,72671.0,54721.0
Poland,Q2 2025,9149.0,7662.0,66085.0,55649.0
Poland,Q3 2025,11573.0,8022.0,64602.0,54241.0
Poland,Q4 2025,17482.0,12640.0,69610.0,63231.0
Poland,Q1 2026,8841.0,11684.0,78098.0,49210.0
Portugal,Q1 2019,2124.0,926.0,1932.0,53900.0
Portugal,Q2 2019,1781.0,1157.0,2737.0,62744.0
Portugal,Q3 2019,1517.0,1203.0,2053.0,40010.0
Portugal,Q4 2019,1461.0,2512.0,2702.0,42888.0
Portugal,Q1 2020,2676.0,2101.0,2831.0,37568.0
Portugal,Q2 2020,984.0,1655.0,1495.0,15083.0
Portugal,Q3 2020,1606.0,3126.0,2941.0,32664.0
Portugal,Q4 2020,2564.0,4985.0,4635.0,26658.0
Portugal,Q1 2021,1579.0,3405.0,4126.0,21494.0
Portugal,Q2 2021,3116.0,4457.0,6394.0,35705.0
Portugal,Q3 2021,3144.0,3712.0,4146.0,19113.0
Portugal,Q4 2021,5421.0,4086.0,4416.0,18768.0
Portugal,Q1 2022,3699.0,3919.0,5898.0,20341.0
Portugal,Q2 2022,3938.0,3661.0,5926.0,25725.0
Portugal,Q3 2022,4555.0,3702.0,6638.0,22533.0
Portugal,Q4 2022,5625.0,4744.0,5617.0,24345.0
Portugal,Q1 2023,8399.0,5483.0,8684.0,27555.0
Portugal,Q2 2023,8675.0,6757.0,8009.0,31457.0
Portugal,Q3 2023,8581.0,7120.0,6254.0,18507.0
Portugal,Q4 2023,10735.0,7786.0,5912.0,18498.0
Portugal,Q1 2024,9424.0,7112.0,9118.0,28646.0
Portugal,Q2 2024,9790.0,7106.0,9213.0,27594.0
Portugal,Q3 2024,9854.0,6368.0,7732.0,14413.0
Portugal,Q4 2024,12689.0,7760.0,8957.0,18862.0
Portugal,Q1 2025,12175.0,6760.0,14327.0,20409.0
Portugal,Q2 2025,12842.0,9244.0,15435.0,22405.0
Portugal,Q3 2025,11690.0,8920.0,10286.0,12688.0
Portugal,Q4 2025,15549.0,9242.0,10069.0,12672.0
Portugal,Q1 2026,15136.0,8584.0,20764.0,16493.0
Romania,Q1 2019,213.0,0.0,1446.0,33873.0
Romania,Q2 2019,243.0,0.0,1464.0,33782.0
Romania,Q3 2019,543.0,0.0,2410.0,48729.0
Romania,Q4 2019,507.0,0.0,2147.0,34784.0
Romania,Q1 2020,271.0,0.0,2247.0,25367.0
Romania,Q2 2020,328.0,0.0,2266.0,17969.0
Romania,Q3 2020,807.0,290.0,4084.0,27227.0
Romania,Q4 2020,1439.0,480.0,5674.0,29392.0
Romania,Q1 2021,415.0,0.0,5518.0,13157.0
Romania,Q2 2021,459.0,0.0,6956.0,16605.0
Romania,Q3 2021,1040.0,0.0,10355.0,22322.0
Romania,Q4 2021,4428.0,0.0,7877.0,16119.0
Romania,Q1 2022,2108.0,0.0,7898.0,15655.0
Romania,Q2 2022,2352.0,0.0,8539.0,15719.0
Romania,Q3 2022,3259.0,0.0,9244.0,20485.0
Romania,Q4 2022,3919.0,0.0,8729.0,17855.0
Romania,Q1 2023,3140.0,0.0,9842.0,18181.0
Romania,Q2 2023,3858.0,0.0,11091.0,17443.0
Romania,Q3 2023,4761.0,,11664.0,16428.0
Romania,Q4 2023,3609.0,0.0,11620.0,15305.0
Romania,Q1 2024,3400.0,0.0,11245.0,15784.0
Romania,Q2 2024,2343.0,0.0,17963.0,24379.0
Romania,Q3 2024,1635.0,,14029.0,12906.0
Romania,Q4 2024,2417.0,,164.0,14794.0
Romania,Q1 2025,2161.0,,11245.0,13631.0
Romania,Q2 2025,1040.0,,20727.0,8777.0
Romania,Q3 2025,2223.0,0.0,21597.0,12794.0
Romania,Q4 2025,3425.0,0.0,23571.0,13142.0
Romania,Q1 2026,2587.0,,15740.0,6918.0
Slovakia,Q1 2019,54.0,52.0,587.0,23048.0
Slovakia,Q2 2019,41.0,42.0,1040.0,26967.0
Slovakia,Q3 2019,27.0,50.0,1066.0,23135.0
Slovakia,Q4 2019,43.0,58.0,1614.0,23352.0
Slovakia,Q1 2020,166.0,158.0,1333.0,17197.0
Slovakia,Q2 2020,162.0,148.0,1260.0,13261.0
Slovakia,Q3 2020,250.0,224.0,1998.0,18843.0
Slovakia,Q4 2020,340.0,333.0,2642.0,17044.0
Slovakia,Q1 2021,157.0,240.0,2606.0,12182.0
Slovakia,Q2 2021,276.0,319.0,4639.0,17510.0
Slovakia,Q3 2021,282.0,271.0,4226.0,15134.0
Slovakia,Q4 2021,390.0,336.0,3677.0,12267.0
Slovakia,Q1 2022,302.0,364.0,4439.0,13643.0
Slovakia,Q2 2022,363.0,355.0,4266.0,15341.0
Slovakia,Q3 2022,327.0,332.0,3887.0,13274.0
Slovakia,Q4 2022,399.0,505.0,4763.0,14583.0
Slovakia,Q1 2023,397.0,495.0,5895.0,14868.0
Slovakia,Q2 2023,689.0,772.0,6047.0,15304.0
Slovakia,Q3 2023,559.0,1017.0,6100.0,14272.0
Slovakia,Q4 2023,701.0,713.0,6141.0,12221.0
Slovakia,Q1 2024,599.0,594.0,7011.0,14672.0
Slovakia,Q2 2024,633.0,481.0,7118.0,14971.0
Slovakia,Q3 2024,497.0,496.0,5967.0,13970.0
Slovakia,Q4 2024,498.0,672.0,8110.0,15313.0
Slovakia,Q1 2025,830.0,816.0,6565.0,11687.0
Slovakia,Q2 2025,1178.0,1125.0,8024.0,14091.0
Slovakia,Q3 2025,961.0,879.0,7646.0,12407.0
Slovakia,Q4 2025,1408.0,1265.0,9933.0,12608.0
Slovakia,Q1 2026,1014.0,712.0,7551.0,10510.0
Slovenia,Q1 2019,197.0,0.0,427.0,19609.0
Slovenia,Q2 2019,159.0,0.0,774.0,20047.0
Slovenia,Q3 2019,34.0,4.0,606.0,15613.0
Slovenia,Q4 2019,44.0,6.0,585.0,15131.0
Slovenia,Q1 2020,294.0,2.0,571.0,13637.0
Slovenia,Q2 2020,323.0,1.0,317.0,12806.0
Slovenia,Q3 2020,400.0,2.0,415.0,14343.0
Slovenia,Q4 2020,630.0,34.0,416.0,9302.0
Slovenia,Q1 2021,342.0,22.0,1312.0,14492.0
Slovenia,Q2 2021,366.0,40.0,1717.0,12558.0
Slovenia,Q3 2021,425.0,84.0,1554.0,9983.0
Slovenia,Q4 2021,589.0,78.0,1437.0,8641.0
Slovenia,Q1 2022,553.0,176.0,1717.0,10135.0
Slovenia,Q2 2022,507.0,111.0,1711.0,10530.0
Slovenia,Q3 2022,591.0,161.0,1532.0,8436.0
Slovenia,Q4 2022,642.0,142.0,1210.0,7486.0
Slovenia,Q1 2023,1146.0,265.0,1306.0,10559.0
Slovenia,Q2 2023,1018.0,296.0,1358.0,11069.0
Slovenia,Q3 2023,1011.0,249.0,1075.0,8591.0
Slovenia,Q4 2023,1155.0,234.0,1164.0,7810.0
Slovenia,Q1 2024,904.0,231.0,1629.0,11128.0
Slovenia,Q2 2024,745.0,337.0,1353.0,11792.0
Slovenia,Q3 2024,692.0,291.0,1231.0,9997.0
Slovenia,Q4 2024,807.0,303.0,1359.0,9385.0
Slovenia,Q1 2025,1289.0,508.0,1536.0,11243.0
Slovenia,Q2 2025,1411.0,526.0,1774.0,11326.0
Slovenia,Q3 2025,1724.0,502.0,2284.0,9933.0
Slovenia,Q4 2025,1995.0,403.0,2375.0,8229.0
Slovenia,Q1 2026,2297.0,734.0,2666.0,10650.0
Spain,Q1 2019,2752.0,1730.0,22415.0,284339.0
Spain,Q2 2019,2698.0,1776.0,27907.0,335086.0
Spain,Q3 2019,2010.0,1481.0,25375.0,236466.0
Spain,Q4 2019,2582.0,2445.0,32986.0,251010.0
Spain,Q1 2020,3948.0,3305.0,29432.0,179676.0
Spain,Q2 2020,1229.0,2260.0,16713.0,99394.0
Spain,Q3 2020,4740.0,5696.0,40261.0,200446.0
Spain,Q4 2020,8010.0,12048.0,51019.0,179949.0
Spain,Q1 2021,3449.0,7142.0,41029.0,131872.0
Spain,Q2 2021,5809.0,11984.0,66797.0,183083.0
Spain,Q3 2021,5775.0,10680.0,50643.0,119749.0
Spain,Q4 2021,8656.0,13421.0,60957.0,124391.0
Spain,Q1 2022,7253.0,10451.0,46671.0,97004.0
Spain,Q2 2022,7085.0,13338.0,68608.0,149628.0
Spain,Q3 2022,6768.0,10577.0,56373.0,115418.0
Spain,Q4 2022,9439.0,13422.0,67783.0,118649.0
Spain,Q1 2023,10571.0,14876.0,72269.0,134638.0
Spain,Q2 2023,13322.0,16773.0,79556.0,151784.0
Spain,Q3 2023,10713.0,13466.0,68710.0,107478.0
Spain,Q4 2023,17006.0,17049.0,82310.0,112495.0
Spain,Q1 2024,11386.0,15700.0,88983.0,121454.0
Spain,Q2 2024,13755.0,15042.0,102184.0,151003.0
Spain,Q3 2024,12853.0,11489.0,85700.0,91533.0
Spain,Q4 2024,19380.0,16327.0,115498.0,111077.0
Spain,Q1 2025,19225.0,20516.0,121557.0,104048.0
Spain,Q2 2025,27010.0,35597.0,132357.0,118476.0
Spain,Q3 2025,25827.0,30568.0,100788.0,75725.0
Spain,Q4 2025,29565.0,37308.0,128178.0,82630.0
Spain,Q1 2026,27226.0,35740.0,144023.0,83778.0
Sweden,Q1 2019,4091.0,5746.0,4153.0,59466.0
Sweden,Q2 2019,4274.0,5101.0,6958.0,76345.0
Sweden,Q3 2019,3787.0,4818.0,6648.0,62312.0
Sweden,Q4 2019,3444.0,9145.0,7450.0,86187.0
Sweden,Q1 2020,5638.0,12835.0,4432.0,42138.0
Sweden,Q2 2020,3571.0,10514.0,3722.0,41195.0
Sweden,Q3 2020,7090.0,16911.0,7048.0,44912.0
Sweden,Q4 2020,11674.0,25845.0,7153.0,43844.0
Sweden,Q1 2021,5111.0,27278.0,6140.0,51932.0
Sweden,Q2 2021,17505.0,19252.0,7019.0,37838.0
Sweden,Q3 2021,14774.0,13076.0,4721.0,25809.0
Sweden,Q4 2021,20085.0,18247.0,4315.0,25262.0
Sweden,Q1 2022,19715.0,17667.0,6124.0,25240.0
Sweden,Q2 2022,20009.0,17417.0,6814.0,29459.0
Sweden,Q3 2022,18300.0,12262.0,6190.0,22018.0
Sweden,Q4 2022,37013.0,19268.0,6381.0,19377.0
Sweden,Q1 2023,22902.0,12803.0,6061.0,19910.0
Sweden,Q2 2023,29537.0,16325.0,5760.0,23983.0
Sweden,Q3 2023,28771.0,13776.0,4967.0,20232.0
Sweden,Q4 2023,30998.0,18120.0,6787.0,22107.0
Sweden,Q1 2024,18465.0,14149.0,5576.0,19419.0
Sweden,Q2 2024,23533.0,16781.0,7589.0,22932.0
Sweden,Q3 2024,23847.0,13287.0,6385.0,17086.0
Sweden,Q4 2024,28488.0,18896.0,7859.0,20056.0
Sweden,Q1 2025,20918.0,15886.0,7724.0,17234.0
Sweden,Q2 2025,28749.0,20860.0,7427.0,20474.0
Sweden,Q3 2025,22563.0,17596.0,6986.0,15897.0
Sweden,Q4 2025,27493.0,18445.0,8165.0,14689.0
Sweden,Q1 2026,25235.0,14960.0,6250.0,15164.0
United Kingdom,Q1 2019,5997.0,8582.0,40749.0,645708.0
United Kingdom,Q2 2019,5978.0,6554.0,39534.0,516143.0
United Kingdom,Q3 2019,13122.0,7879.0,51010.0,521015.0
United Kingdom,Q4 2019,12753.0,11969.0,42830.0,381317.0
United Kingdom,Q1 2020,18256.0,13745.0,68128.0,383428.0
United Kingdom,Q2 2020,12701.0,5862.0,23245.0,128137.0
United Kingdom,Q3 2020,35654.0,22876.0,114188.0,417436.0
United Kingdom,Q4 2020,41594.0,24651.0,84431.0,236732.0
United Kingdom,Q1 2021,31779.0,26613.0,109347.0,257786.0
United Kingdom,Q2 2021,42114.0,31594.0,132856.0,277884.0
United Kingdom,Q3 2021,51248.0,28833.0,123027.0,203533.0
United Kingdom,Q4 2021,65586.0,27514.0,78794.0,158673.0
United Kingdom,Q1 2022,64165.0,29761.0,122179.0,201455.0
United Kingdom,Q2 2022,51084.0,21502.0,116186.0,195747.0
United Kingdom,Q3 2022,60365.0,22698.0,127606.0,195620.0
United Kingdom,Q4 2022,91589.0,27453.0,114021.0,172632.0
United Kingdom,Q1 2023,76230.0,31765.0,156051.0,230214.0
United Kingdom,Q2 2023,76735.0,30390.0,143513.0,204822.0
United Kingdom,Q3 2023,85576.0,36838.0,162175.0,217599.0
United Kingdom,Q4 2023,76143.0,42318.0,139332.0,193353.0
United Kingdom,Q1 2024,84314.0,42559.0,190239.0,228436.0
United Kingdom,Q2 2024,82782.0,38963.0,161401.0,178069.0
United Kingdom,Q3 2024,102835.0,43421.0,187295.0,173780.0
United Kingdom,Q4 2024,112039.0,42235.0,151038.0,265700.0
United Kingdom,Q1 2025,120191.0,53686.0,229565.0,226698.0
United Kingdom,Q2 2025,104650.0,53353.0,166667.0,87409.0
United Kingdom,Q3 2025,124573.0,65600.0,199814.0,145966.0
United Kingdom,Q4 2025,123934.0,52504.0,149342.0,116571.0
United Kingdom,Q1 2026,137614.0,78666.0,244196.0,154376.0
