Region,Q_Year,BEV market share,Total car registrations
Austria,Q1 2019,3.15,80855
Austria,Q2 2019,2.49,95054
Austria,Q3 2019,3.02,82363
Austria,Q4 2019,2.62,71091
Austria,Q1 2020,4.45,54680
Austria,Q2 2020,4.09,58107
Austria,Q3 2020,6.1,67852
Austria,Q4 2020,10.33,68101
Austria,Q1 2021,10.42,63522
Austria,Q2 2021,12.32,70874
Austria,Q3 2021,15.85,55485
Austria,Q4 2021,18.5,49922
Austria,Q1 2022,13.7,52375
Austria,Q2 2022,13.03,56231
Austria,Q3 2022,17.61,54603
Austria,Q4 2022,19.41,51841
Austria,Q1 2023,17.82,63052
Austria,Q2 2023,19.07,63638
Austria,Q3 2023,20.5,56196
Austria,Q4 2023,22.62,56264
Austria,Q1 2024,17.07,63263
Austria,Q2 2024,15.83,71850
Austria,Q3 2024,18.7,55910
Austria,Q4 2024,19.1,62766
Austria,Q1 2025,21.47,66017
Austria,Q2 2025,22.53,77034
Austria,Q3 2025,20.28,72064
Austria,Q4 2025,20.75,69863
Austria,Q1 2026,22.46,77235
Austria,Q2 2026,26.02,87294
Belgium,Q1 2019,1.41,155865
Belgium,Q2 2019,1.56,154623
Belgium,Q3 2019,1.66,128761
Belgium,Q4 2019,1.9,110754
Belgium,Q1 2020,2.26,127416
Belgium,Q2 2020,2.29,89189
Belgium,Q3 2020,3.75,117002
Belgium,Q4 2020,5.81,97884
Belgium,Q1 2021,3.39,119237
Belgium,Q2 2021,4.48,113154
Belgium,Q3 2021,7.62,81176
Belgium,Q4 2021,10.61,69556
Belgium,Q1 2022,9.35,103146
Belgium,Q2 2022,8.2,92241
Belgium,Q3 2022,10.05,86103
Belgium,Q4 2022,13.89,84813
Belgium,Q1 2023,15.8,131484
Belgium,Q2 2023,17.14,132991
Belgium,Q3 2023,22.76,110373
Belgium,Q4 2023,24.15,101827
Belgium,Q1 2024,23.01,135140
Belgium,Q2 2024,25.97,128268
Belgium,Q3 2024,34.22,93160
Belgium,Q4 2024,34.26,91709
Belgium,Q1 2025,33.41,120939
Belgium,Q2 2025,32.18,113677
Belgium,Q3 2025,35.0,89252
Belgium,Q4 2025,39.19,90902
Belgium,Q1 2026,34.68,113805
Belgium,Q2 2026,37.49,116876
Bulgaria,Q1 2019,,9280
Bulgaria,Q2 2019,,10935
Bulgaria,Q3 2019,,9679
Bulgaria,Q4 2019,,9525
Bulgaria,Q1 2020,2.03,7250
Bulgaria,Q2 2020,1.81,5629
Bulgaria,Q3 2020,0.36,7320
Bulgaria,Q4 2020,0.86,7015
Bulgaria,Q1 2021,1.02,5572
Bulgaria,Q2 2021,1.53,7333
Bulgaria,Q3 2021,1.96,6118
Bulgaria,Q4 2021,3.45,5500
Bulgaria,Q1 2022,2.34,6674
Bulgaria,Q2 2022,3.98,7882
Bulgaria,Q3 2022,3.25,7435
Bulgaria,Q4 2022,4.84,6709
Bulgaria,Q1 2023,5.9,7123
Bulgaria,Q2 2023,4.37,10510
Bulgaria,Q3 2023,5.08,9749
Bulgaria,Q4 2023,4.27,10342
Bulgaria,Q1 2024,3.57,11528
Bulgaria,Q2 2024,3.99,11519
Bulgaria,Q3 2024,4.04,9346
Bulgaria,Q4 2024,3.94,10548
Bulgaria,Q1 2025,4.61,11507
Bulgaria,Q2 2025,4.8,12576
Bulgaria,Q3 2025,4.43,12133
Bulgaria,Q4 2025,5.66,13203
Bulgaria,Q1 2026,6.52,11465
Bulgaria,Q2 2026,8.85,14492
Croatia,Q1 2019,,12139
Croatia,Q2 2019,,26017
Croatia,Q3 2019,,13181
Croatia,Q4 2019,0.48,11601
Croatia,Q1 2020,0.57,10029
Croatia,Q2 2020,0.55,7407
Croatia,Q3 2020,1.51,10821
Croatia,Q4 2020,3.48,7827
Croatia,Q1 2021,1.26,10482
Croatia,Q2 2021,1.59,15806
Croatia,Q3 2021,3.1,11467
Croatia,Q4 2021,7.62,8043
Croatia,Q1 2022,2.47,9991
Croatia,Q2 2022,1.56,13555
Croatia,Q3 2022,4.17,12048
Croatia,Q4 2022,4.88,8334
Croatia,Q1 2023,4.28,13159
Croatia,Q2 2023,1.76,20276
Croatia,Q3 2023,2.74,13666
Croatia,Q4 2023,3.23,10593
Croatia,Q1 2024,1.26,15432
Croatia,Q2 2024,2.48,24159
Croatia,Q3 2024,5.25,13157
Croatia,Q4 2024,2.53,12272
Croatia,Q1 2025,1.35,15143
Croatia,Q2 2025,0.72,26808
Croatia,Q3 2025,2.15,14740
Croatia,Q4 2025,4.21,13150
Croatia,Q1 2026,4.62,16895
Croatia,Q2 2026,3.67,27269
Cyprus,Q1 2019,0.18,2763
Cyprus,Q2 2019,0.19,3778
Cyprus,Q3 2019,0.21,2924
Cyprus,Q4 2019,0.19,2683
Cyprus,Q1 2020,0.14,2949
Cyprus,Q2 2020,0.35,2023
Cyprus,Q3 2020,0.4,2725
Cyprus,Q4 2020,0.81,2454
Cyprus,Q1 2021,0.95,2746
Cyprus,Q2 2021,0.72,3048
Cyprus,Q3 2021,0.72,2795
Cyprus,Q4 2021,0.69,2035
Cyprus,Q1 2022,2.19,3059
Cyprus,Q2 2022,3.55,3073
Cyprus,Q3 2022,4.02,2938
Cyprus,Q4 2022,4.23,2556
Cyprus,Q1 2023,4.39,4057
Cyprus,Q2 2023,3.63,3585
Cyprus,Q3 2023,6.31,3946
Cyprus,Q4 2023,7.33,3152
Cyprus,Q1 2024,7.08,4465
Cyprus,Q2 2024,4.16,4326
Cyprus,Q3 2024,10.13,3513
Cyprus,Q4 2024,14.0,2436
Cyprus,Q1 2025,8.09,4465
Cyprus,Q2 2025,9.95,3757
Cyprus,Q3 2025,11.55,3583
Cyprus,Q4 2025,11.49,2829
Cyprus,Q1 2026,11.58,3670
Cyprus,Q2 2026,13.6,3574
Czech Rep.,Q1 2019,0.24,59616
Czech Rep.,Q2 2019,0.32,68882
Czech Rep.,Q3 2019,0.36,62612
Czech Rep.,Q4 2019,0.29,58805
Czech Rep.,Q1 2020,1.72,50194
Czech Rep.,Q2 2020,0.89,44835
Czech Rep.,Q3 2020,0.9,53290
Czech Rep.,Q4 2020,2.81,54652
Czech Rep.,Q1 2021,1.16,49534
Czech Rep.,Q2 2021,1.12,63271
Czech Rep.,Q3 2021,1.19,49019
Czech Rep.,Q4 2021,1.85,44928
Czech Rep.,Q1 2022,1.66,47391
Czech Rep.,Q2 2022,2.27,51525
Czech Rep.,Q3 2022,2.14,44927
Czech Rep.,Q4 2022,2.13,48188
Czech Rep.,Q1 2023,2.37,56341
Czech Rep.,Q2 2023,2.82,59207
Czech Rep.,Q3 2023,3.16,52016
Czech Rep.,Q4 2023,3.8,53855
Czech Rep.,Q1 2024,2.27,57605
Czech Rep.,Q2 2024,4.61,61616
Czech Rep.,Q3 2024,5.83,52776
Czech Rep.,Q4 2024,6.2,59600
Czech Rep.,Q1 2025,5.22,59686
Czech Rep.,Q2 2025,6.03,62953
Czech Rep.,Q3 2025,5.47,59798
Czech Rep.,Q4 2025,5.47,66282
Czech Rep.,Q1 2026,5.68,60550
Czech Rep.,Q2 2026,7.5,69258
Denmark,Q1 2019,1.52,66172
Denmark,Q2 2019,2.84,55925
Denmark,Q3 2019,2.59,51334
Denmark,Q4 2019,3.1,51979
Denmark,Q1 2020,4.38,48860
Denmark,Q2 2020,3.98,39564
Denmark,Q3 2020,7.15,53761
Denmark,Q4 2020,12.01,55977
Denmark,Q1 2021,6.82,43886
Denmark,Q2 2021,8.42,52603
Denmark,Q3 2021,17.44,43463
Denmark,Q4 2021,22.01,45380
Denmark,Q1 2022,17.39,34230
Denmark,Q2 2022,15.84,39319
Denmark,Q3 2022,20.75,35586
Denmark,Q4 2022,28.81,39188
Denmark,Q1 2023,29.79,39960
Denmark,Q2 2023,32.15,44384
Denmark,Q3 2023,36.93,39680
Denmark,Q4 2023,44.96,48774
Denmark,Q1 2024,41.15,36940
Denmark,Q2 2024,48.08,49422
Denmark,Q3 2024,54.8,39936
Denmark,Q4 2024,60.56,46816
Denmark,Q1 2025,66.48,36913
Denmark,Q2 2025,62.0,52641
Denmark,Q3 2025,70.2,44548
Denmark,Q4 2025,75.37,50539
Denmark,Q1 2026,80.02,43703
Denmark,Q2 2026,79.78,57332
Estonia,Q1 2019,0.26,6509
Estonia,Q2 2019,0.31,8069
Estonia,Q3 2019,0.35,6952
Estonia,Q4 2019,0.23,6055
Estonia,Q1 2020,0.78,5776
Estonia,Q2 2020,1.69,3610
Estonia,Q3 2020,1.98,5306
Estonia,Q4 2020,2.86,4586
Estonia,Q1 2021,1.66,5728
Estonia,Q2 2021,2.26,7269
Estonia,Q3 2021,1.86,5593
Estonia,Q4 2021,3.18,3803
Estonia,Q1 2022,2.83,5191
Estonia,Q2 2022,3.6,5918
Estonia,Q3 2022,3.33,5107
Estonia,Q4 2022,3.75,5390
Estonia,Q1 2023,4.33,5658
Estonia,Q2 2023,6.16,6473
Estonia,Q3 2023,7.21,5323
Estonia,Q4 2023,7.77,5366
Estonia,Q1 2024,6.72,4716
Estonia,Q2 2024,6.09,5451
Estonia,Q3 2024,5.88,5660
Estonia,Q4 2024,3.54,9559
Estonia,Q1 2025,10.56,2121
Estonia,Q2 2025,5.45,4035
Estonia,Q3 2025,6.55,3266
Estonia,Q4 2025,5.78,3633
Estonia,Q1 2026,6.12,4250
Estonia,Q2 2026,6.23,5729
European Union,Q1 2019,1.64,3326599
European Union,Q2 2019,1.57,3576242
European Union,Q3 2019,1.95,2988376
European Union,Q4 2019,2.51,3115114
European Union,Q1 2020,3.71,2475755
European Union,Q2 2020,3.53,1797994
European Union,Q3 2020,4.9,2770697
European Union,Q4 2020,8.62,2877004
European Union,Q1 2021,5.71,2560413
European Union,Q2 2021,7.5,2801673
European Union,Q3 2021,9.8,2168587
European Union,Q4 2021,14.22,2173471
European Union,Q1 2022,9.98,2246336
European Union,Q2 2022,9.88,2362680
European Union,Q3 2022,11.91,2179238
European Union,Q4 2022,16.46,2471876
European Union,Q1 2023,12.11,2650711
European Union,Q2 2023,13.72,2787942
European Union,Q3 2023,16.33,2502096
European Union,Q4 2023,16.36,2606967
European Union,Q1 2024,12.03,2768639
European Union,Q2 2024,13.02,2915204
European Union,Q3 2024,14.54,2305933
European Union,Q4 2024,15.14,2642605
European Union,Q1 2025,15.21,2715008
European Union,Q2 2025,15.94,2861560
European Union,Q3 2025,17.37,2480767
European Union,Q4 2025,20.98,2765496
European Union,Q1 2026,19.38,2822616
European Union,Q2 2026,21.92,3074067
Finland,Q1 2019,1.63,29104
Finland,Q2 2019,1.68,31154
Finland,Q3 2019,2.1,27667
Finland,Q4 2019,1.22,26263
Finland,Q1 2020,3.25,28270
Finland,Q2 2020,3.04,19124
Finland,Q3 2020,4.54,26028
Finland,Q4 2020,6.79,23008
Finland,Q1 2021,5.37,27976
Finland,Q2 2021,9.15,28756
Finland,Q3 2021,10.43,21927
Finland,Q4 2021,18.82,19818
Finland,Q1 2022,13.99,21729
Finland,Q2 2022,13.37,21767
Finland,Q3 2022,20.16,19415
Finland,Q4 2022,24.85,18776
Finland,Q1 2023,31.41,20966
Finland,Q2 2023,33.64,25907
Finland,Q3 2023,34.63,21702
Finland,Q4 2023,35.5,18927
Finland,Q1 2024,25.85,18444
Finland,Q2 2024,28.02,20710
Finland,Q3 2024,31.04,16346
Finland,Q4 2024,33.53,18564
Finland,Q1 2025,33.75,16700
Finland,Q2 2025,34.49,20556
Finland,Q3 2025,38.97,16686
Finland,Q4 2025,41.9,17939
Finland,Q1 2026,46.87,17202
Finland,Q2 2026,48.54,20055
France,Q1 2019,1.91,553335
France,Q2 2019,1.71,613107
France,Q3 2019,1.98,474925
France,Q4 2019,2.16,572912
France,Q1 2020,7.12,364679
France,Q2 2020,5.43,351119
France,Q3 2020,5.67,450900
France,Q4 2020,8.39,483420
France,Q1 2021,6.9,441791
France,Q2 2021,8.74,480974
France,Q3 2021,10.2,337608
France,Q4 2021,13.85,398630
France,Q1 2022,11.91,365360
France,Q2 2022,12.26,406620
France,Q3 2022,14.0,340087
France,Q4 2022,14.91,416968
France,Q1 2023,15.41,420887
France,Q2 2023,15.58,468889
France,Q3 2023,16.72,398848
France,Q4 2023,19.26,486099
France,Q1 2024,17.94,444902
France,Q2 2024,16.72,469984
France,Q3 2024,16.65,351016
France,Q4 2024,16.3,452510
France,Q1 2025,18.17,410085
France,Q2 2025,17.08,432119
France,Q3 2025,19.73,344580
France,Q4 2025,24.84,445368
France,Q1 2026,27.91,401555
France,Q2 2026,28.42,455610
Germany,Q1 2019,1.81,880092
Germany,Q2 2019,1.57,968908
Germany,Q3 2019,1.9,891158
Germany,Q4 2019,1.78,867100
Germany,Q1 2020,3.71,701362
Germany,Q2 2020,3.61,509260
Germany,Q3 2020,6.52,831209
Germany,Q4 2020,10.95,875847
Germany,Q1 2021,9.87,656448
Germany,Q2 2021,11.45,734433
Germany,Q3 2021,14.06,626671
Germany,Q4 2021,19.74,604571
Germany,Q1 2022,13.38,625953
Germany,Q2 2022,13.68,612015
Germany,Q3 2022,16.76,629898
Germany,Q4 2022,25.31,783472
Germany,Q1 2023,14.21,666818
Germany,Q2 2023,17.19,730052
Germany,Q3 2023,22.54,741196
Germany,Q4 2023,19.38,706543
Germany,Q1 2024,11.71,694785
Germany,Q2 2024,13.23,776856
Germany,Q3 2024,14.32,644433
Germany,Q4 2024,14.86,701257
Germany,Q1 2025,17.0,664571
Germany,Q2 2025,18.39,738218
Germany,Q3 2025,18.86,707559
Germany,Q4 2025,21.81,747243
Germany,Q1 2026,22.82,699404
Germany,Q2 2026,26.55,784989
Greece,Q1 2019,0.14,26289
Greece,Q2 2019,0.17,39268
Greece,Q3 2019,0.18,27332
Greece,Q4 2019,0.18,21337
Greece,Q1 2020,0.33,21390
Greece,Q2 2020,0.42,15180
Greece,Q3 2020,0.67,23476
Greece,Q4 2020,1.85,20931
Greece,Q1 2021,1.79,23439
Greece,Q2 2021,1.76,34923
Greece,Q3 2021,1.95,23394
Greece,Q4 2021,3.59,19155
Greece,Q1 2022,2.25,22427
Greece,Q2 2022,2.41,32371
Greece,Q3 2022,2.51,28138
Greece,Q4 2022,3.73,22347
Greece,Q1 2023,4.12,33772
Greece,Q2 2023,4.97,36590
Greece,Q3 2023,5.07,34148
Greece,Q4 2023,4.79,29974
Greece,Q1 2024,4.31,36668
Greece,Q2 2024,4.26,41352
Greece,Q3 2024,7.53,30015
Greece,Q4 2024,10.69,29040
Greece,Q1 2025,6.09,33196
Greece,Q2 2025,4.99,44966
Greece,Q3 2025,5.54,34070
Greece,Q4 2025,8.57,31967
Greece,Q1 2026,6.59,34812
Greece,Q2 2026,6.08,49153
Hungary,Q1 2019,1.11,34339
Hungary,Q2 2019,1.04,40209
Hungary,Q3 2019,1.36,40556
Hungary,Q4 2019,1.12,42802
Hungary,Q1 2020,1.58,32668
Hungary,Q2 2020,2.11,23014
Hungary,Q3 2020,2.24,34420
Hungary,Q4 2020,3.36,37929
Hungary,Q1 2021,1.74,32197
Hungary,Q2 2021,2.05,32619
Hungary,Q3 2021,3.7,29737
Hungary,Q4 2021,7.25,27367
Hungary,Q1 2022,4.44,28690
Hungary,Q2 2022,3.46,28723
Hungary,Q3 2022,4.13,28361
Hungary,Q4 2022,4.94,25758
Hungary,Q1 2023,5.59,29561
Hungary,Q2 2023,4.5,26906
Hungary,Q3 2023,5.03,26542
Hungary,Q4 2023,6.47,24711
Hungary,Q1 2024,7.23,31673
Hungary,Q2 2024,7.47,31664
Hungary,Q3 2024,7.3,25715
Hungary,Q4 2024,6.25,32559
Hungary,Q1 2025,7.32,32899
Hungary,Q2 2025,8.47,33199
Hungary,Q3 2025,9.4,29848
Hungary,Q4 2025,8.89,33494
Hungary,Q1 2026,8.76,36455
Hungary,Q2 2026,11.2,38450
Ireland,Q1 2019,2.24,64126
Ireland,Q2 2019,3.12,16632
Ireland,Q3 2019,3.07,33187
Ireland,Q4 2019,14.85,3164
Ireland,Q1 2020,3.31,49794
Ireland,Q2 2020,7.73,3090
Ireland,Q3 2020,5.45,31630
Ireland,Q4 2020,10.5,3810
Ireland,Q1 2021,5.86,48030
Ireland,Q2 2021,9.57,15823
Ireland,Q3 2021,9.46,36892
Ireland,Q4 2021,19.75,4187
Ireland,Q1 2022,12.5,49890
Ireland,Q2 2022,14.44,15286
Ireland,Q3 2022,16.7,36279
Ireland,Q4 2022,30.7,3804
Ireland,Q1 2023,16.0,58085
Ireland,Q2 2023,25.76,19411
Ireland,Q3 2023,18.13,40858
Ireland,Q4 2023,27.43,3956
Ireland,Q1 2024,12.72,62543
Ireland,Q2 2024,16.98,16383
Ireland,Q3 2024,14.07,38322
Ireland,Q4 2024,25.83,5152
Ireland,Q1 2025,15.95,62498
Ireland,Q2 2025,19.01,19246
Ireland,Q3 2025,21.91,39924
Ireland,Q4 2025,37.25,3286
Ireland,Q1 2026,21.55,64893
Ireland,Q2 2026,30.44,20295
Italy,Q1 2019,0.22,538067
Italy,Q2 2019,0.71,545119
Italy,Q3 2019,0.71,385054
Italy,Q4 2019,0.64,448711
Italy,Q1 2020,1.55,347405
Italy,Q2 2020,1.92,236827
Italy,Q3 2020,1.98,382082
Italy,Q4 2020,3.61,415332
Italy,Q1 2021,2.97,447315
Italy,Q2 2021,3.88,437922
Italy,Q3 2021,5.99,280683
Italy,Q4 2021,6.91,292397
Italy,Q1 2022,3.34,338320
Italy,Q2 2022,3.95,345969
Italy,Q3 2022,3.75,291830
Italy,Q4 2022,3.9,340697
Italy,Q1 2023,3.83,427067
Italy,Q2 2023,3.94,413683
Italy,Q3 2023,3.9,335253
Italy,Q4 2023,5.27,389328
Italy,Q1 2024,2.95,450976
Italy,Q2 2024,4.97,434755
Italy,Q3 2024,4.19,316716
Italy,Q4 2024,4.88,356782
Italy,Q1 2025,5.18,444052
Italy,Q2 2025,5.29,410976
Italy,Q3 2025,5.22,312967
Italy,Q4 2025,9.41,356848
Italy,Q1 2026,7.86,484577
Italy,Q2 2026,9.16,451468
Latvia,Q1 2019,0.54,4460
Latvia,Q2 2019,0.44,5024
Latvia,Q3 2019,0.35,4626
Latvia,Q4 2019,0.58,4123
Latvia,Q1 2020,1.14,3865
Latvia,Q2 2020,2.08,2698
Latvia,Q3 2020,3.36,3841
Latvia,Q4 2020,2.51,3112
Latvia,Q1 2021,1.92,3535
Latvia,Q2 2021,3.31,4265
Latvia,Q3 2021,2.2,3996
Latvia,Q4 2021,4.48,2746
Latvia,Q1 2022,4.23,3688
Latvia,Q2 2022,5.7,4473
Latvia,Q3 2022,6.44,4534
Latvia,Q4 2022,9.01,4083
Latvia,Q1 2023,10.56,4525
Latvia,Q2 2023,7.87,5378
Latvia,Q3 2023,8.64,4690
Latvia,Q4 2023,8.6,4490
Latvia,Q1 2024,6.71,3918
Latvia,Q2 2024,6.73,4816
Latvia,Q3 2024,8.0,4351
Latvia,Q4 2024,7.89,4244
Latvia,Q1 2025,7.53,3905
Latvia,Q2 2025,6.12,7332
Latvia,Q3 2025,8.04,6279
Latvia,Q4 2025,7.09,4990
Latvia,Q1 2026,6.47,4993
Latvia,Q2 2026,8.12,6353
Lithuania,Q1 2019,0.43,10224
Lithuania,Q2 2019,0.23,13225
Lithuania,Q3 2019,0.41,11230
Lithuania,Q4 2019,0.36,11709
Lithuania,Q1 2020,0.81,10747
Lithuania,Q2 2020,1.21,6118
Lithuania,Q3 2020,1.46,11458
Lithuania,Q4 2020,1.04,12015
Lithuania,Q1 2021,0.86,7658
Lithuania,Q2 2021,2.23,11039
Lithuania,Q3 2021,3.57,7656
Lithuania,Q4 2021,11.23,5101
Lithuania,Q1 2022,3.95,6503
Lithuania,Q2 2022,4.39,7501
Lithuania,Q3 2022,5.88,6602
Lithuania,Q4 2022,7.78,4938
Lithuania,Q1 2023,6.16,6626
Lithuania,Q2 2023,7.46,8054
Lithuania,Q3 2023,7.07,6814
Lithuania,Q4 2023,9.43,6034
Lithuania,Q1 2024,5.53,6437
Lithuania,Q2 2024,5.9,8351
Lithuania,Q3 2024,6.14,7381
Lithuania,Q4 2024,6.0,7953
Lithuania,Q1 2025,5.43,8934
Lithuania,Q2 2025,6.07,11856
Lithuania,Q3 2025,9.13,10582
Lithuania,Q4 2025,9.23,10602
Lithuania,Q1 2026,7.92,9571
Lithuania,Q2 2026,7.52,14548
Luxembourg,Q1 2019,0.0,14867
Luxembourg,Q2 2019,0.0,16225
Luxembourg,Q3 2019,0.0,11895
Luxembourg,Q4 2019,1.74,11936
Luxembourg,Q1 2020,2.82,11908
Luxembourg,Q2 2020,4.13,8843
Luxembourg,Q3 2020,5.89,13240
Luxembourg,Q4 2020,8.93,11113
Luxembourg,Q1 2021,8.29,12456
Luxembourg,Q2 2021,8.1,12831
Luxembourg,Q3 2021,10.5,9724
Luxembourg,Q4 2021,16.63,9361
Luxembourg,Q1 2022,14.23,11347
Luxembourg,Q2 2022,15.24,10464
Luxembourg,Q3 2022,13.38,10253
Luxembourg,Q4 2022,18.06,10030
Luxembourg,Q1 2023,19.11,13149
Luxembourg,Q2 2023,20.76,13345
Luxembourg,Q3 2023,24.68,11503
Luxembourg,Q4 2023,26.26,11154
Luxembourg,Q1 2024,23.73,12498
Luxembourg,Q2 2024,27.58,12584
Luxembourg,Q3 2024,29.94,10835
Luxembourg,Q4 2024,23.48,13188
Luxembourg,Q1 2025,29.84,12511
Luxembourg,Q2 2025,22.17,12747
Luxembourg,Q3 2025,25.26,11233
Luxembourg,Q4 2025,30.63,10667
Luxembourg,Q1 2026,26.97,12538
Luxembourg,Q2 2026,31.24,13971
Netherlands,Q1 2019,7.47,115451
Netherlands,Q2 2019,7.82,110328
Netherlands,Q3 2019,12.06,104970
Netherlands,Q4 2019,27.77,114468
Netherlands,Q1 2020,8.44,103053
Netherlands,Q2 2020,10.56,54918
Netherlands,Q3 2020,15.91,90236
Netherlands,Q4 2020,41.11,107388
Netherlands,Q1 2021,5.66,80587
Netherlands,Q2 2021,14.15,82175
Netherlands,Q3 2021,18.15,75585
Netherlands,Q4 2021,39.15,86529
Netherlands,Q1 2022,15.78,78539
Netherlands,Q2 2022,22.79,75355
Netherlands,Q3 2022,22.74,74073
Netherlands,Q4 2022,30.89,87443
Netherlands,Q1 2023,25.61,98425
Netherlands,Q2 2023,31.99,103367
Netherlands,Q3 2023,31.22,87169
Netherlands,Q4 2023,35.25,80830
Netherlands,Q1 2024,29.46,102010
Netherlands,Q2 2024,33.06,91607
Netherlands,Q3 2024,34.91,86266
Netherlands,Q4 2024,41.16,101344
Netherlands,Q1 2025,35.35,91766
Netherlands,Q2 2025,34.65,90914
Netherlands,Q3 2025,34.18,87273
Netherlands,Q4 2025,52.82,118071
Netherlands,Q1 2026,30.52,81480
Netherlands,Q2 2026,41.7,93309
Norway,Q1 2019,48.47,38485
Norway,Q2 2019,41.65,39724
Norway,Q3 2019,44.07,32408
Norway,Q4 2019,34.2,31764
Norway,Q1 2020,50.52,32358
Norway,Q2 2020,45.25,26866
Norway,Q3 2020,54.46,36126
Norway,Q4 2020,62.16,46055
Norway,Q1 2021,52.77,36309
Norway,Q2 2021,60.71,47621
Norway,Q3 2021,72.31,44926
Norway,Q4 2021,70.0,47420
Norway,Q1 2022,82.87,32342
Norway,Q2 2022,75.7,36163
Norway,Q3 2022,75.18,34256
Norway,Q4 2022,81.54,71568
Norway,Q1 2023,84.53,28665
Norway,Q2 2023,81.94,37884
Norway,Q3 2023,84.28,28950
Norway,Q4 2023,79.21,31456
Norway,Q1 2024,90.21,22252
Norway,Q2 2024,81.9,39006
Norway,Q3 2024,94.67,30536
Norway,Q4 2024,90.72,36893
Norway,Q1 2025,90.59,31596
Norway,Q2 2025,78.06,53966
Norway,Q3 2025,97.27,37893
Norway,Q4 2025,97.59,66224
Norway,Q1 2026,97.95,27175
Norway,Q2 2026,97.44,46229
Poland,Q1 2019,0.3,139143
Poland,Q2 2019,0.39,138118
Poland,Q3 2019,0.19,132268
Poland,Q4 2019,0.21,144413
Poland,Q1 2020,0.55,107692
Poland,Q2 2020,0.75,72212
Poland,Q3 2020,0.9,115380
Poland,Q4 2020,1.13,133243
Poland,Q1 2021,0.8,117860
Poland,Q2 2021,1.23,124258
Poland,Q3 2021,1.54,105152
Poland,Q4 2021,3.09,99369
Poland,Q1 2022,2.24,102033
Poland,Q2 2022,2.32,110349
Poland,Q3 2022,2.98,104275
Poland,Q4 2022,3.28,103069
Poland,Q1 2023,3.33,123031
Poland,Q2 2023,3.8,115641
Poland,Q3 2023,3.28,111645
Poland,Q4 2023,3.94,124715
Poland,Q1 2024,3.02,138696
Poland,Q2 2024,3.38,138261
Poland,Q3 2024,2.99,121674
Poland,Q4 2024,2.66,152937
Poland,Q1 2025,3.59,142105
Poland,Q2 2025,6.39,143206
Poland,Q3 2025,8.12,142597
Poland,Q4 2025,10.31,169527
Poland,Q1 2026,5.83,151639
Poland,Q2 2026,4.76,160394
Portugal,Q1 2019,3.57,59445
Portugal,Q2 2019,2.58,69150
Portugal,Q3 2019,3.34,45429
Portugal,Q4 2019,2.94,49775
Portugal,Q1 2020,5.92,45214
Portugal,Q2 2020,5.05,19493
Portugal,Q3 2020,3.94,40753
Portugal,Q4 2020,6.46,39676
Portugal,Q1 2021,5.09,31039
Portugal,Q2 2021,6.18,50406
Portugal,Q3 2021,10.12,31080
Portugal,Q4 2021,15.89,34112
Portugal,Q1 2022,10.64,34771
Portugal,Q2 2022,9.68,40678
Portugal,Q3 2022,11.89,38313
Portugal,Q4 2022,13.22,42542
Portugal,Q1 2023,16.09,52191
Portugal,Q2 2023,14.97,57964
Portugal,Q3 2023,19.86,43201
Portugal,Q4 2023,23.2,46267
Portugal,Q1 2024,15.96,59044
Portugal,Q2 2024,17.06,57373
Portugal,Q3 2024,23.79,41425
Portugal,Q4 2024,24.46,51873
Portugal,Q1 2025,20.8,58545
Portugal,Q2 2025,19.61,65481
Portugal,Q3 2025,24.59,47538
Portugal,Q4 2025,29.08,53475
Portugal,Q1 2026,23.63,64059
Portugal,Q2 2026,26.8,73021
Romania,Q1 2019,0.59,35836
Romania,Q2 2019,0.68,35784
Romania,Q3 2019,1.04,52429
Romania,Q4 2019,1.35,37513
Romania,Q1 2020,0.97,27979
Romania,Q2 2020,1.52,21637
Romania,Q3 2020,2.31,34985
Romania,Q4 2020,3.45,41750
Romania,Q1 2021,2.0,20762
Romania,Q2 2021,1.7,26933
Romania,Q3 2021,2.56,40564
Romania,Q4 2021,13.44,32944
Romania,Q1 2022,7.27,28978
Romania,Q2 2022,7.91,29734
Romania,Q3 2022,8.96,36389
Romania,Q4 2022,11.51,34052
Romania,Q1 2023,8.49,36966
Romania,Q2 2023,10.52,36679
Romania,Q3 2023,12.84,37066
Romania,Q4 2023,10.65,33900
Romania,Q1 2024,10.23,33228
Romania,Q2 2024,4.66,50277
Romania,Q3 2024,5.11,32004
Romania,Q4 2024,8.77,27571
Romania,Q1 2025,6.5,33228
Romania,Q2 2025,3.29,31592
Romania,Q3 2025,5.06,43950
Romania,Q4 2025,7.13,48033
Romania,Q1 2026,9.48,27275
Romania,Q2 2026,7.81,37575
Slovakia,Q1 2019,0.23,23897
Slovakia,Q2 2019,0.15,28178
Slovakia,Q3 2019,0.11,24343
Slovakia,Q4 2019,0.17,25150
Slovakia,Q1 2020,0.88,18966
Slovakia,Q2 2020,1.08,15049
Slovakia,Q3 2020,1.16,21592
Slovakia,Q4 2020,1.64,20698
Slovakia,Q1 2021,1.02,15402
Slovakia,Q2 2021,1.2,23047
Slovakia,Q3 2021,1.39,20270
Slovakia,Q4 2021,2.3,16981
Slovakia,Q1 2022,1.57,19221
Slovakia,Q2 2022,1.75,20732
Slovakia,Q3 2022,1.8,18153
Slovakia,Q4 2022,1.92,20735
Slovakia,Q1 2023,1.79,22155
Slovakia,Q2 2023,2.96,23302
Slovakia,Q3 2023,2.5,22347
Slovakia,Q4 2023,3.47,20199
Slovakia,Q1 2024,2.56,23391
Slovakia,Q2 2024,2.68,23654
Slovakia,Q3 2024,2.34,21247
Slovakia,Q4 2024,1.98,25117
Slovakia,Q1 2025,4.09,20317
Slovakia,Q2 2025,4.74,24833
Slovakia,Q3 2025,4.31,22304
Slovakia,Q4 2025,5.49,25649
Slovakia,Q1 2026,5.06,20042
Slovakia,Q2 2026,7.09,23462
Slovenia,Q1 2019,1.18,16718
Slovenia,Q2 2019,0.95,16753
Slovenia,Q3 2019,0.25,13688
Slovenia,Q4 2019,0.35,12703
Slovenia,Q1 2020,2.51,11714
Slovenia,Q2 2020,3.11,10375
Slovenia,Q3 2020,3.46,11575
Slovenia,Q4 2020,9.64,6536
Slovenia,Q1 2021,2.1,16291
Slovenia,Q2 2021,2.47,14841
Slovenia,Q3 2021,3.49,12190
Slovenia,Q4 2021,5.41,10890
Slovenia,Q1 2022,4.34,12752
Slovenia,Q2 2022,3.87,13095
Slovenia,Q3 2022,5.42,10911
Slovenia,Q4 2022,6.7,9581
Slovenia,Q1 2023,8.52,13450
Slovenia,Q2 2023,7.34,13860
Slovenia,Q3 2023,9.14,11067
Slovenia,Q4 2023,11.07,10432
Slovenia,Q1 2024,6.46,13993
Slovenia,Q2 2024,5.19,14344
Slovenia,Q3 2024,5.46,12668
Slovenia,Q4 2024,6.72,12013
Slovenia,Q1 2025,8.79,14672
Slovenia,Q2 2025,9.31,15155
Slovenia,Q3 2025,11.82,14590
Slovenia,Q4 2025,15.18,13139
Slovenia,Q1 2026,13.92,16501
Slovenia,Q2 2026,18.61,20236
Spain,Q1 2019,0.87,316890
Spain,Q2 2019,0.72,375553
Spain,Q3 2019,0.74,272845
Spain,Q4 2019,0.88,292963
Spain,Q1 2020,1.81,218703
Spain,Q2 2020,1.01,121152
Spain,Q3 2020,1.85,255581
Spain,Q4 2020,3.13,255774
Spain,Q1 2021,1.85,186055
Spain,Q2 2021,2.15,270777
Spain,Q3 2021,3.02,191122
Spain,Q4 2021,4.09,211523
Spain,Q1 2022,4.41,164399
Spain,Q2 2022,2.91,243359
Spain,Q3 2022,3.52,192524
Spain,Q4 2022,4.43,213115
Spain,Q1 2023,4.45,237563
Spain,Q2 2023,4.97,267858
Spain,Q3 2023,5.2,205959
Spain,Q4 2023,7.15,237979
Spain,Q1 2024,4.65,244879
Spain,Q2 2024,4.74,290364
Spain,Q3 2024,6.14,209455
Spain,Q4 2024,7.12,272187
Spain,Q1 2025,6.88,279368
Spain,Q2 2025,8.17,330433
Spain,Q3 2025,10.55,244857
Spain,Q4 2025,10.06,293992
Spain,Q1 2026,9.06,300529
Spain,Q2 2026,10.36,347182
Sweden,Q1 2019,5.54,73880
Sweden,Q2 2019,4.55,94002
Sweden,Q3 2019,4.74,79892
Sweden,Q4 2019,3.18,108262
Sweden,Q1 2020,8.52,66141
Sweden,Q2 2020,6.0,59544
Sweden,Q3 2020,9.21,76959
Sweden,Q4 2020,13.06,89380
Sweden,Q1 2021,5.62,90865
Sweden,Q2 2021,21.27,82293
Sweden,Q3 2021,24.95,59220
Sweden,Q4 2021,29.27,68623
Sweden,Q1 2022,28.29,69679
Sweden,Q2 2022,26.88,74445
Sweden,Q3 2022,30.27,60456
Sweden,Q4 2022,44.36,83447
Sweden,Q1 2023,36.18,63304
Sweden,Q2 2023,38.18,77359
Sweden,Q3 2023,41.51,69306
Sweden,Q4 2023,38.82,79858
Sweden,Q1 2024,30.87,59822
Sweden,Q2 2024,32.47,72472
Sweden,Q3 2024,39.03,61097
Sweden,Q4 2024,37.39,76191
Sweden,Q1 2025,32.97,63444
Sweden,Q2 2025,37.08,77532
Sweden,Q3 2025,35.79,63051
Sweden,Q4 2025,39.86,68971
Sweden,Q1 2026,40.73,61960
Sweden,Q2 2026,42.01,79891
United Kingdom,Q1 2019,0.86,701036
United Kingdom,Q2 2019,1.05,568209
United Kingdom,Q3 2019,2.21,593026
United Kingdom,Q4 2019,2.84,448869
United Kingdom,Q1 2020,3.78,483557
United Kingdom,Q2 2020,7.47,169945
United Kingdom,Q3 2020,6.04,590154
United Kingdom,Q4 2020,10.74,387408
United Kingdom,Q1 2021,7.47,425525
United Kingdom,Q2 2021,8.69,484448
United Kingdom,Q3 2021,12.6,406641
United Kingdom,Q4 2021,19.84,330567
United Kingdom,Q1 2022,15.37,417560
United Kingdom,Q2 2022,13.29,384519
United Kingdom,Q3 2022,14.86,406289
United Kingdom,Q4 2022,22.58,405695
United Kingdom,Q1 2023,15.42,494260
United Kingdom,Q2 2023,16.85,455460
United Kingdom,Q3 2023,17.04,502188
United Kingdom,Q4 2023,16.88,451146
United Kingdom,Q1 2024,15.45,545548
United Kingdom,Q2 2024,17.95,461215
United Kingdom,Q3 2024,20.27,507331
United Kingdom,Q4 2024,28.8,388960
United Kingdom,Q1 2025,22.03,545548
United Kingdom,Q2 2025,21.07,496671
United Kingdom,Q3 2025,23.24,535953
United Kingdom,Q4 2025,28.02,442351
United Kingdom,Q1 2026,22.38,614854
United Kingdom,Q2 2026,28.1,523075
